url,url_mobile,title,seendate,socialimage,domain,language,sourcecountry
https://www.tagesanzeiger.ch/microsofts-ehekrieg-mit-open-ai-super-siri-und-die-aufspaltung-von-google-213113705145,,"Microsofts Ehekrieg mit Open AI , Super - Siri und die Aufspaltung von Google",20250107T053000Z,"https://cdn.unitycms.io/images/CmfvVvgyKDO8fCqHSrRXmG.jpg?op=ocroped&val=1200,800,1000,1000,0,0&sum=L3ZE9sxPTag",tagesanzeiger.ch,German,Switzerland
https://www.elconfidencial.com/tecnologia/novaceno/2025-01-07/enjambres-drones-guerra-ucrania-rusia-invasion-defensa_4036206/,https://www.elconfidencial.com/amp/tecnologia/novaceno/2025-01-07/enjambres-drones-guerra-ucrania-rusia-invasion-defensa_4036206/,Los enjambres de drones entrarán en combate en Ucrania en 2025,20250107T053000Z,"https://images.ecestaticos.com/vvXHFP9NckFXhhOYuNHW6BZYnLk=/0x0:1920x1080/600x315/filters:fill(white):format(jpg):quality(99):watermark(f.elconfidencial.com/file/bae/eea/fde/baeeeafde1b3229287b0c008f7602058.png,0,275,1)/f.elconfidencial.com/original/5fd/722/9e3/5fd7229e3d908370c12486fbdcf547e7.jpg",elconfidencial.com,Spanish,Spain
https://biztoc.com/x/af58c5e8e7583f47,,"Sony - Honda venture launches Afeela EV from $89 , 900 at CES 2025",20250107T053000Z,https://biztoc.com/cdn/af58c5e8e7583f47_s.webp,biztoc.com,English,
http://www.soester-anzeiger.de/wirtschaft/experten-plaedieren-fuer-wirtschaft-first-bei-buerokratie-energie-und-zukunftsinvestitionen-zr-93498059.html,,"Experten plädieren für „ Wirtschaft first  bei Bürokratie , Energie und Zukunftsinvestitionen",20250107T053000Z,,soester-anzeiger.de,German,Germany
https://www.newspim.com/news/view/20250107000574,https://m.newspim.com/newsamp/view/20250107000574," [ 여기는 CES ] 엔비디아 , 로봇 · 자율주행용 AI 기술 무상 제공",20250107T053000Z,http://img.newspim.com/news/2025/01/07/2501071413091960_w.jpg,newspim.com,Korean,South Korea
https://www.newkerala.com/news/o/jake-sullivan-calls-pm-modi-says-india-visit-likely-617,,Jake Sullivan Final India Visit : Diplomacy and Nuclear Cooperation,20250107T053000Z,https://www.newkerala.comhttps://one.newkerala.com/images/r/narendra-modi-jake-sullivan-ani-5369.webp,newkerala.com,English,India
https://www.braidwoodtimes.com.au/story/8861087/discover-breakthrough-in-ai-and-tech-trends-at-ces-2025/?cs=2971,,Discover breakthrough in AI and tech trends at CES 2025 | Braidwood Times,20250107T053000Z,https://www.braidwoodtimes.com.au/images/transform/v1/crop/frm/172575538/2781db76-c0ef-40d3-acd8-f05760bf898a.jpeg/r0_781_8192_5082_w1200_h630_fmax.jpg,braidwoodtimes.com.au,English,Australia
https://www.newspim.com/news/view/20250107000557,https://m.newspim.com/newsamp/view/20250107000557,"정근식  AI교과서 , 교육 효과 검증 안된 성급한 결정 … 이주호 ,  재의요구  제안",20250107T053000Z,http://img.newspim.com/news/2025/01/07/250107135659707_w.jpg,newspim.com,Korean,South Korea
https://www.derbund.ch/microsofts-ehekrieg-mit-open-ai-super-siri-und-die-aufspaltung-von-google-213113705145,,"Microsofts Ehekrieg mit Open AI , Super - Siri und die Aufspaltung von Google",20250107T053000Z,"https://cdn.unitycms.io/images/CmfvVvgyKDO8fCqHSrRXmG.jpg?op=ocroped&val=1200,800,1000,1000,0,0&sum=L3ZE9sxPTag",derbund.ch,German,Switzerland
https://www.finanznachrichten.de/nachrichten-2025-01/64223778-hisense-unveils-vision-of-an-ai-future-at-ces-2025-008.htm,,Hisense Unveils Vision of an AI Future at CES 2025,20250107T053000Z,,finanznachrichten.de,English,Germany
https://biztoc.com/x/bee1db479229626b,,Nvidia brings Blackwell chips to AI PCs for personal supercomputing,20250107T053000Z,https://biztoc.com/cdn/bee1db479229626b_s.webp,biztoc.com,English,
https://alaturkaonline.com/microsoft-2025te-80-milyar-dolarlik-yatirim-yapacak/,,Microsoft 2025  te 80 milyar dolarlık yatırım yapacak,20250107T053000Z,https://i0.wp.com/alaturkaonline.com/wp-content/uploads/2025/01/microsoft-2025te-80-milyar-dolarlik-yatirim-yapacak-PyiPpkhD.jpg,alaturkaonline.com,Turkish,Turkey
https://www.ultimahora.es/opinion/editorial/2025/01/07/2301415/impacto-digitalizacion-aulas-baleares.html,https://amp.ultimahora.es/opinion/editorial/2025/01/07/2301415/impacto-digitalizacion-aulas-baleares.html,Impacto de la digitalización en las aulas de Baleares,20250107T053000Z,https://uh.gsstatic.es/autor/editorial/32.png,ultimahora.es,Spanish,Spain
https://www.hepburnadvocate.com.au/story/8861087/discover-breakthrough-in-ai-and-tech-trends-at-ces-2025/,,Discover breakthrough in AI and tech trends at CES 2025 | The Advocate - Hepburn,20250107T053000Z,https://www.hepburnadvocate.com.au/images/transform/v1/crop/frm/172575538/2781db76-c0ef-40d3-acd8-f05760bf898a.jpeg/r0_781_8192_5082_w1200_h630_fmax.jpg,hepburnadvocate.com.au,English,Australia
https://www.bssnews.net/news/236437,,"Meta Names UFC boss Dana White , a Trump ally , to board",20250107T053000Z,https://www.bssnews.net/assets/news_photos/2025/01/07/image-236437-1736219365.jpg,bssnews.net,English,Bangladesh
https://www.braidwoodtimes.com.au/story/8861087/discover-breakthrough-in-ai-and-tech-trends-at-ces-2025/,,Discover breakthrough in AI and tech trends at CES 2025 | Braidwood Times,20250107T053000Z,https://www.braidwoodtimes.com.au/images/transform/v1/crop/frm/172575538/2781db76-c0ef-40d3-acd8-f05760bf898a.jpeg/r0_781_8192_5082_w1200_h630_fmax.jpg,braidwoodtimes.com.au,English,Australia
https://www.excelsior.com.mx/hacker/sony-lanza-los-precios-de-su-primer-coche-afeela-1-puedes-apartarlo-con-4-mil-pesos/1692905,https://www.excelsior.com.mx/hacker/sony-lanza-los-precios-de-su-primer-coche-afeela-1-puedes-apartarlo-con-4-mil-pesos/1692905?amp,"Sony lanza los precios de su primer coche , Afeela 1",20250107T053000Z,https://www.excelsior.com.mx/media/pictures/2025/01/06/3238143.jpg,excelsior.com.mx,Spanish,Mexico
https://www.newspim.com/news/view/20250107000476,https://m.newspim.com/newsamp/view/20250107000476, [ 여기는 CES ] AI 로봇 시장 열렸다 ... 영화 같은 현실에  환호성  ,20250107T053000Z,http://img.newspim.com/news/2025/01/07/2501071315119130_w.jpg,newspim.com,Korean,South Korea
https://www.openpr.com/news/3805253/enameled-cookware-market-to-witness-robust-growth-projected,,"Enameled Cookware Market to Witness Robust Growth , Projected",20250107T053000Z,https://cdn.open-pr.com/L/1/L107529309_g.jpg,openpr.com,English,United States
https://www.zdnet.com/article/nvidia-signs-largest-car-maker-toyota-to-use-its-self-driving-tech/,,"Nvidia signs largest car maker , Toyota , to use its self - driving chips",20250107T053000Z,https://www.zdnet.com/a/img/resize/48fb51c4220363c168325d0f67afebbd7888a384/2025/01/07/04b5a3e8-0c91-4bd0-acb3-59b10183c0ff/nvidia-2025-ces-huang-with-thor-agx-2.png?auto=webp&fit=crop,zdnet.com,English,Japan
https://www.elconfidencial.com/tecnologia/2025-01-07/televisores-ces-tendencias-ia-nuevos-modelos_4037304/,https://www.elconfidencial.com/amp/tecnologia/2025-01-07/televisores-ces-tendencias-ia-nuevos-modelos_4037304/,Por qué no te va a apetecer comprar una tele nueva este año ( y por qué puede ser buena idea ) ,20250107T053000Z,"https://images.ecestaticos.com/lYG3q_1CPvXUrkvn2TzJzCrIW1Y=/0x0:2272x1542/600x315/filters:fill(white):format(jpg):quality(99):watermark(f.elconfidencial.com/file/bae/eea/fde/baeeeafde1b3229287b0c008f7602058.png,0,275,1)/f.elconfidencial.com/original/631/fcc/b1d/631fccb1da09d3b2a1849ee49bd56d08.jpg",elconfidencial.com,Spanish,Spain
https://dailynorthwestern.com/2025/01/06/campus/sciencetechnology/research-roundup-ai-in-maternal-health-quantum-teleportation-developments-in-parkinsons-genetic-research/,,Research Roundup,20250107T053000Z,https://dailynorthwestern.com/wp-content/uploads/2025/01/Feinberg-pic.jpg,dailynorthwestern.com,English,United States
https://www.macleayargus.com.au/story/8861087/discover-breakthrough-in-ai-and-tech-trends-at-ces-2025/,,Discover breakthrough in AI and tech trends at CES 2025 | The Macleay Argus,20250107T053000Z,https://www.macleayargus.com.au/images/transform/v1/crop/frm/172575538/2781db76-c0ef-40d3-acd8-f05760bf898a.jpeg/r0_781_8192_5082_w1200_h630_fmax.jpg,macleayargus.com.au,English,Australia
https://m.kauno.diena.lt/naujienos/ivairenybes/mokslas-ir-it/gerimas-ateities-kavos-gurmanai-jau-ragauja-dirbtinio-intelekto-kurini-1206645,,Gėrimas iš ateities : kavos gurmanai jau ragauja dirbtinio intelekto kūrinį,20250107T053000Z,https://kauno.diena.lt/sites/default/files/Vilniausdiena/Vartotoju%20zona/kamiles/french-woman-cafe-drinking-latte.jpg,m.kauno.diena.lt,Lithuanian,Lithuania
https://www.goulburnpost.com.au/story/8861087/discover-breakthrough-in-ai-and-tech-trends-at-ces-2025/?cs=2650,,Discover breakthrough in AI and tech trends at CES 2025 | Goulburn Post,20250107T053000Z,https://www.goulburnpost.com.au/images/transform/v1/crop/frm/172575538/2781db76-c0ef-40d3-acd8-f05760bf898a.jpeg/r0_781_8192_5082_w1200_h630_fmax.jpg,goulburnpost.com.au,English,Australia
https://gr.investing.com/news/pro/article-432SI-211695,,Τρεις μετοχές λογισμικού για αγορά το 2025 καθώς συνεχίζεται η ώθηση της τεχνητής νοημοσύνης Πηγή : Investing . com,20250107T053000Z,https://i-invdn-com.investing.com/redesign/images/seo/investing_300X300.png,gr.investing.com,Greek,United States
"https://www.press.pl/tresc/85227,teads-przedstawia-trendy-technologiczne-na-2025-rok_-ksztaltujace-strategie-mediow-i-marketingu",,"Teads przedstawia Trendy Technologiczne na 2025 rok , kształtujące strategie mediów i marketingu",20250107T053000Z,http://www.press.pl/images/contents/photo_85227_1735300573_big.jpg,press.pl,Polish,Poland
https://www.busseltonmail.com.au/story/8861087/discover-breakthrough-in-ai-and-tech-trends-at-ces-2025/,,Discover breakthrough in AI and tech trends at CES 2025 | Busselton - Dunsborough Mail,20250107T053000Z,https://www.busseltonmail.com.au/images/transform/v1/crop/frm/172575538/2781db76-c0ef-40d3-acd8-f05760bf898a.jpeg/r0_781_8192_5082_w1200_h630_fmax.jpg,busseltonmail.com.au,English,Australia
https://www.semissourian.com/world/stock-market-today-asian-shares-mostly-rise-after-wall-street-rally-led-by-nvidia-31cda50a,,Stock market today : Asian shares mostly rise after Wall Street rally l ... ,20250107T053000Z,https://public-assets-prod.pubgen.ai/brand_a7b06a8b-02b9-4920-9426-9b9be1d4e410/asset_8cfc283e-26c5-5649-9fef-a02dcc2f9778.jpg,semissourian.com,English,United States
https://www.breizh-info.com/2025/01/07/242349/maternites-qui-ferment-urgences-regulees-et-si-les-bretons-construisaient-leur-propre-hopital/,,"Maternités qui ferment , Urgences régulées ... Et si les Bretons construisaient leur propre hôpital ? ",20250107T053000Z,https://www.breizh-info.com/wp-content/uploads/2017/02/urgences_morlaix.jpg,breizh-info.com,French,France
https://www.newkerala.com/news/o/lok-sabha-speaker-om-birla-urges-support-women-led-enterprises-874,,Om Birla Champions Women Leadership in Democracy,20250107T053000Z,https://www.newkerala.comhttps://one.newkerala.com/images/r/om-birla-women-representatives-scheduled-tribes-ani-1968.webp,newkerala.com,English,India
https://wwwhatsnew.com/2025/01/07/mcafee-lanza-una-herramienta-con-ia-para-detectar-estafas-antes-de-que-caigas-en-ellas/,https://wwwhatsnew.com/2025/01/07/mcafee-lanza-una-herramienta-con-ia-para-detectar-estafas-antes-de-que-caigas-en-ellas/amp/,McAfee lanza una herramienta con IA para detectar estafas antes de que caigas en ellas,20250107T053000Z,https://wwwhatsnew.com/wp-content/uploads/2024/10/inteligencia-artificial.webp,wwwhatsnew.com,Spanish,Spain
https://cyprus-mail.com/2025/01/07/microsoft-plans-to-invest-80-billion-on-ai-enabled-data-centers-in-fiscal-2025,,Microsoft plans to invest $80 billion on AI - enabled data centers in fiscal 2025,20250107T053000Z,https://cyprus-mail.com/wp-content/uploads/2024/05/microsoft.jpg,cyprus-mail.com,English,Cyprus
https://www.univision.com/radio/arizona-kqmr-fm/hombre-queda-atrapado-taxi-autonomo-waymo-arizona,,Taxi autónomo Waymo gira en círculos sin control y deja atrapado a pasajero en Arizona | Univision Phoenix KTVW,20250107T053000Z,https://st1.uvnimg.com/9c/47/44abc813488393814198812199ad/waymo.jpg,univision.com,Spanish,United States
https://www.busseltonmail.com.au/story/8861087/discover-breakthrough-in-ai-and-tech-trends-at-ces-2025/?cs=2826,,Discover breakthrough in AI and tech trends at CES 2025 | Busselton - Dunsborough Mail,20250107T053000Z,https://www.busseltonmail.com.au/images/transform/v1/crop/frm/172575538/2781db76-c0ef-40d3-acd8-f05760bf898a.jpeg/r0_781_8192_5082_w1200_h630_fmax.jpg,busseltonmail.com.au,English,Australia
https://www.investors.com/news/technology/nvidia-stock-ces-2025-news-physical-ai/,,Nvidia Stock : CES 2025 News Focused On Physical AI | Investor Business Daily,20250107T053000Z,https://www.investors.com/wp-content/uploads/2024/05/Stock-Nvidia-CEOjensen-blackwellgpu-01-compay.jpg,investors.com,English,United States
https://www.morningstar.com/news/dow-jones/2025010610760/shares-of-tencent-catl-fall-after-being-added-to-pentagon-list,,"Shares of Tencent , CATL Fall After Being Added to Pentagon List",20250107T053000Z,https://images.contentstack.io/v3/assets/blt4eb669caa7dc65b2/blta7dd42ebdd7b93b8/61899b34a3c7df383578294c/morningstar-og.png,morningstar.com,English,China
https://www.macleayargus.com.au/story/8861087/discover-breakthrough-in-ai-and-tech-trends-at-ces-2025/?cs=2699,,Discover breakthrough in AI and tech trends at CES 2025 | The Macleay Argus,20250107T053000Z,https://www.macleayargus.com.au/images/transform/v1/crop/frm/172575538/2781db76-c0ef-40d3-acd8-f05760bf898a.jpeg/r0_781_8192_5082_w1200_h630_fmax.jpg,macleayargus.com.au,English,Australia
https://www.newspim.com/news/view/20250107000549,https://m.newspim.com/newsamp/view/20250107000549," [ CES 2025 ] SKC , 글라스 기판 전시 … AI 데이터센터 적용 모습 공개",20250107T053000Z,http://img.newspim.com/news/2025/01/07/2501071350094590.jpg,newspim.com,Korean,South Korea
https://www.dw.com/hi/us-to-end-restrictions-on-indian-nuclear-entities-to-boost-energy-ties-sullivan-says/a-71233739,https://amp.dw.com/hi/us-to-end-restrictions-on-indian-nuclear-entities-to-boost-energy-ties-sullivan-says/a-71233739,भारत पर लगे परमाणु प्रतिबंध हटाएगा अमेरिका – DW – 07 . 01 . 2025,20250107T053000Z,https://static.dw.com/image/71234040_6.jpg,dw.com,Hindi,Germany
https://www.busseltonmail.com.au/story/8861087/discover-breakthrough-in-ai-and-tech-trends-at-ces-2025/?cs=30776,,Discover breakthrough in AI and tech trends at CES 2025 | Busselton - Dunsborough Mail,20250107T053000Z,https://www.busseltonmail.com.au/images/transform/v1/crop/frm/172575538/2781db76-c0ef-40d3-acd8-f05760bf898a.jpeg/r0_781_8192_5082_w1200_h630_fmax.jpg,busseltonmail.com.au,English,Australia
https://www.nbcnewyork.com/news/business/money-report/samsung-electronics-banking-on-ai-to-outpace-global-growth-in-smartphones-home-appliances/6096400/,https://www.nbcnewyork.com/news/business/money-report/samsung-electronics-banking-on-ai-to-outpace-global-growth-in-smartphones-home-appliances/6096400/?amp=1,"Samsung Electronics banking on AI to outpace global growth in smartphones , home appliances",20250107T053000Z,https://media.nbcnewyork.com/2025/01/108082781-1736206258729-gettyimages-2192184665-CES_2025.jpeg?quality=85&strip=all,nbcnewyork.com,English,United States
https://www.hepburnadvocate.com.au/story/8861087/discover-breakthrough-in-ai-and-tech-trends-at-ces-2025/?cs=2929,,Discover breakthrough in AI and tech trends at CES 2025 | The Advocate - Hepburn,20250107T053000Z,https://www.hepburnadvocate.com.au/images/transform/v1/crop/frm/172575538/2781db76-c0ef-40d3-acd8-f05760bf898a.jpeg/r0_781_8192_5082_w1200_h630_fmax.jpg,hepburnadvocate.com.au,English,Australia
https://www.tvnotas.com.mx/espectaculos-mexico/adela-noriega-reaparecio-en-redes-sociales-con-un-mensaje-de-felices-fiestas-a-sus-seguidores,https://www.tvnotas.com.mx/espectaculos-mexico/adela-noriega-reaparecio-en-redes-sociales-con-un-mensaje-de-felices-fiestas-a-sus-seguidores?_amp=true, ¿ Adela Noriega reapareció en redes sociales con un mensaje de Felices Fiestas a sus seguidores ? ,20250107T053000Z,https://k3-prod-tvnotas.s3.us-west-2.amazonaws.com/brightspot/b9/bd/5aac26ef4943be187edaefd2e13f/adelanoriegaactualmente.jpg,tvnotas.com.mx,Spanish,Mexico
https://www.finanznachrichten.de/nachrichten-2025-01/64223687-logitech-g-s-streamlabs-to-launch-intelligent-streaming-assistant-in-collaboration-with-nvidia-and-inworld-ai-004.htm,,Logitech G Streamlabs to Launch Intelligent Streaming Assistant in Collaboration With NVIDIA and Inworld AI,20250107T053000Z,https://www.finanznachrichten.de/chart-nvidia-corporation-aktie-intraklein-tradegate.png,finanznachrichten.de,English,Germany
https://www.elconfidencial.com/juridico/2025-01-07/abogacia-negocios-despachos_4037214/,,"Los Reyes de la abogacía : nuevas caras , viejos retos y un año marcado por la IA",20250107T053000Z,"https://images.ecestaticos.com/_Wvz8uCZIA7yJFj_FTGA4QI1WKk=/0x0:996x747/600x315/filters:fill(white):format(jpg):quality(99):watermark(f.elconfidencial.com/file/bae/eea/fde/baeeeafde1b3229287b0c008f7602058.png,0,275,1)/f.elconfidencial.com/original/309/8c3/7bc/3098c37bc3e0d91b0c04f5bf698186f5.jpg",elconfidencial.com,Spanish,Spain
https://www.bignewsnetwork.com/news/274917332/sullivan-doval-emphasise-joint-efforts-in-technology-development-for-global-challenges,,"Sullivan , Doval emphasise joint efforts in technology development for global challenges",20250107T053000Z,https://static.bignewsnetwork.com/bnn/images/big-news-network-slogan.jpg,bignewsnetwork.com,English,United States
https://www.morningstar.com/news/dow-jones/2025010610775/news-highlights-top-company-news-of-the-day-monday-at-11-pm-et,,News Highlights : Top Company News of the Day - Monday at 11 PM ET,20250107T053000Z,https://images.contentstack.io/v3/assets/blt4eb669caa7dc65b2/blta7dd42ebdd7b93b8/61899b34a3c7df383578294c/morningstar-og.png,morningstar.com,English,China
https://www.newkerala.com/news/o/chandigarh-university-announces-launch-first-ai-augmented-futuristic-campus-ups-532,,Chandigarh University AI - Powered Campus in Unnao,20250107T053000Z,https://www.newkerala.comhttps://one.newkerala.com/images/r/newsdefault.webp,newkerala.com,English,India
https://jcmagazine.com/el-futuro-del-gambling-en-peru-tendencias-y-proyecciones-para-2025/,,El futuro del gambling en Perú : Tendencias y proyecciones para 2025,20250107T053000Z,https://jcmagazine.com/wp-content/uploads/2025/01/gambling.jpg,jcmagazine.com,Spanish,Peru
https://www.marketscreener.com/quote/stock/ACCENTURE-PLC-11521/news/Accenture-Launches-AI-Refinery-for-Industry-to-Reinvent-Processes-and-Accelerate-Agentic-AI-Journeys-48691845/,,Accenture Launches AI Refinery for Industry to Reinvent Processes and Accelerate Agentic AI Journeys,20250107T053000Z,https://www.marketscreener.com/images/twitter_MS_fdnoir.png,marketscreener.com,English,
https://www.naftemporiki.gr/english/1874248/tax-evasion-the-deos-unit-and-all-the-new-tools-to-limit-it/,,Tax evasion : The DEOS unit and all the new tools to limit it,20250107T053000Z,https://www.naftemporiki.gr/wp-content/uploads/2023/02/foroi-forodiafygi.jpg,naftemporiki.gr,English,Greece
https://www.springfieldnewssun.com/nation-world/stock-market-today-asian-shares-mostly-rise-after-wall-street-rally-led-by-nvidia/UKKNGIB6QJD3LKTKSUA6ZN2V7M/,https://www.daytondailynews.com/nation-world/stock-market-today-asian-shares-mostly-rise-after-wall-street-rally-led-by-nvidia/UKKNGIB6QJD3LKTKSUA6ZN2V7M/?outputType=amp,Stock market today : Asian shares mostly rise after Wall Street rally led by Nvidia,20250107T053000Z,https://www.springfieldnewssun.com/resizer/v2/BCZF5Z6FISDD6JLJRI5PZFXNJY.jpg?auth=99b466d12273aaaf152fee473c49fbb58705a19203ce6edb22eea7ebf6a12854&smart=true,springfieldnewssun.com,English,United States
https://www.elconfidencial.com/cultura/2025-01-07/entrevista-michael-n-hall-biologia-molecular-envejecimiento_4036106/,https://www.elconfidencial.com/amp/cultura/2025-01-07/entrevista-michael-n-hall-biologia-molecular-envejecimiento_4036106/,"Este biólogo molecular es el mayor experto del mundo de envejecimiento :  La clave , comer poco  ",20250107T053000Z,"https://images.ecestaticos.com/T7MAwN19U1gf47TDohKm4TI6bJM=/0x0:2272x1413/600x315/filters:fill(white):format(jpg):quality(99):watermark(f.elconfidencial.com/file/bae/eea/fde/baeeeafde1b3229287b0c008f7602058.png,0,275,1)/f.elconfidencial.com/original/030/039/f85/030039f85a357d226a5f8e60ca043878.jpg",elconfidencial.com,Spanish,Spain
https://www.kmib.co.kr/article/view.asp?arcid=0025875640&code=61121111&sid1=soc,https://www.kmib.co.kr/article/view_amp.asp?arcid=0025875640,  CES 2025  휩쓸었다 … 세계시장서 통한 K - 조달기업 - 국민일보,20250107T053000Z,https://image.kmib.co.kr/online_image/2025/0107/2018062513525399163_1529902374_0025875640.jpg,kmib.co.kr,Korean,South Korea
https://www.goulburnpost.com.au/story/8861087/discover-breakthrough-in-ai-and-tech-trends-at-ces-2025/,,Discover breakthrough in AI and tech trends at CES 2025 | Goulburn Post,20250107T053000Z,https://www.goulburnpost.com.au/images/transform/v1/crop/frm/172575538/2781db76-c0ef-40d3-acd8-f05760bf898a.jpeg/r0_781_8192_5082_w1200_h630_fmax.jpg,goulburnpost.com.au,English,Australia
https://athens-times.com/the-ostrichs-tactics-cost-energy-investment-promises-von-der-leien-for-european-recomposition-of-coupling-ii-and-musk-the-new-hilton-and-the-other-iconic-works-of-2025/,,The ostrich tactics cost energy investment promises Von der Leien for European recomposition of  Coupling II  and Musk the new Hilton and the other iconic works of 2025,20250107T053000Z,,athens-times.com,English,Greece
https://www.newspim.com/news/view/20250107000500,https://m.newspim.com/newsamp/view/20250107000500,"iM증권 ,  iM - 텍톤 미국 주식 랩  판매",20250107T053000Z,http://img.newspim.com/news/2025/01/07/2501071317193770.jpg,newspim.com,Korean,South Korea
https://www.el-carabobeno.com/el-final-del-mal-absoluto/,,El final del mal absoluto,20250107T053000Z,https://www.el-carabobeno.com/wp-content/uploads/2024/07/Asdrubal-Aguiar.png,el-carabobeno.com,Spanish,Venezuela
https://www.thehindu.com/sci-tech/technology/ai-influenced-shopping-boosts-online-holiday-sales-salesforce-data-shows/article69070972.ece,https://www.thehindu.com/sci-tech/technology/ai-influenced-shopping-boosts-online-holiday-sales-salesforce-data-shows/article69070972.ece/amp/,"AI - influenced shopping boosts online holiday sales , Salesforce data shows",20250107T051500Z,https://th-i.thgim.com/public/incoming/i5gbd9/article69070976.ece/alternates/LANDSCAPE_1200/2024-12-02T165430Z_1529549825_RC28X4AVD52O_RTRMADP_3_LIGHTON-OUTLOOK.JPG,thehindu.com,English,India
https://www.univision.com/local/arizona-ktvw/hombre-queda-atrapado-taxi-autonomo-waymo-arizona,https://www.univision.com/amp/local/arizona-ktvw/hombre-queda-atrapado-taxi-autonomo-waymo-arizona,Taxi autónomo Waymo gira en círculos sin control y deja atrapado a pasajero en Arizona | Univision Phoenix KTVW,20250107T051500Z,https://st1.uvnimg.com/9c/47/44abc813488393814198812199ad/waymo.jpg,univision.com,Spanish,United States
https://www.wncw.org/2025-01-06/meta-taps-trump-ally-and-ufc-ceo-dana-white-to-join-its-board,https://www.wncw.org/2025-01-06/meta-taps-trump-ally-and-ufc-ceo-dana-white-to-join-its-board?_amp=true,Meta taps Trump ally and UFC CEO Dana White to join its board,20250107T051500Z,http://npr-brightspot.s3.amazonaws.com/4c/1c/318f06564bbf8c3a29d7899f03bb/gettyimages-2183218502.jpg,wncw.org,English,United States
https://prwire.com.au/pr/119641/2025-toys-games-fair-baby-products-fair-stationery-school-supplies-fair-open-today,,"2025 Toys & Games Fair , Baby Products Fair , Stationery & School Supplies Fair open today",20250107T051500Z,https://img.influencing.com/misc/225/345/114/o.jpg,prwire.com.au,English,Australia
https://www.thehindu.com/sci-tech/technology/ces-2025-nvidia-ceo-jensen-huang-unveils-new-gaming-chips-at-tech-conference/article69070968.ece,https://www.thehindu.com/sci-tech/technology/ces-2025-nvidia-ceo-jensen-huang-unveils-new-gaming-chips-at-tech-conference/article69070968.ece/amp/,CES 2025 : Nvidia CEO Jensen Huang unveils new gaming chips at tech conference,20250107T051500Z,https://th-i.thgim.com/public/incoming/cdda3/article69070974.ece/alternates/LANDSCAPE_1200/2024-12-04T091440Z_1542261088_RC27IBAFHUPC_RTRMADP_3_THAILAND-NVIDIA.JPG,thehindu.com,English,India
https://www.hawkesburygazette.com.au/story/8861087/discover-breakthrough-in-ai-and-tech-trends-at-ces-2025/?cs=30776,,Discover breakthrough in AI and tech trends at CES 2025 | Hawkesbury Gazette,20250107T051500Z,https://www.hawkesburygazette.com.au/images/transform/v1/crop/frm/172575538/2781db76-c0ef-40d3-acd8-f05760bf898a.jpeg/r0_781_8192_5082_w1200_h630_fmax.jpg,hawkesburygazette.com.au,English,Australia
https://www.begadistrictnews.com.au/story/8861087/discover-breakthrough-in-ai-and-tech-trends-at-ces-2025/?cs=511,,Discover breakthrough in AI and tech trends at CES 2025 | Bega District News,20250107T051500Z,https://www.begadistrictnews.com.au/images/transform/v1/crop/frm/172575538/2781db76-c0ef-40d3-acd8-f05760bf898a.jpeg/r0_781_8192_5082_w1200_h630_fmax.jpg,begadistrictnews.com.au,English,Australia
https://www.begadistrictnews.com.au/story/8861087/discover-breakthrough-in-ai-and-tech-trends-at-ces-2025/,,Discover breakthrough in AI and tech trends at CES 2025 | Bega District News,20250107T051500Z,https://www.begadistrictnews.com.au/images/transform/v1/crop/frm/172575538/2781db76-c0ef-40d3-acd8-f05760bf898a.jpeg/r0_781_8192_5082_w1200_h630_fmax.jpg,begadistrictnews.com.au,English,Australia
https://www.nynganobserver.com.au/story/8861087/discover-breakthrough-in-ai-and-tech-trends-at-ces-2025/,,Discover breakthrough in AI and tech trends at CES 2025 | Nyngan Observer,20250107T051500Z,https://www.nynganobserver.com.au/images/transform/v1/crop/frm/172575538/2781db76-c0ef-40d3-acd8-f05760bf898a.jpeg/r0_781_8192_5082_w1200_h630_fmax.jpg,nynganobserver.com.au,English,Australia
https://www.thestandard.com.hk/breaking-news/section/2/224560/Tencent-and-CATL-denied-military-ties-alleged-by-the-US,,Tencent and CATL denied military ties alleged by the US,20250107T051500Z,https://www.thestandard.com.hk/images/TSOG2.png,thestandard.com.hk,English,Hong Kong
https://www.finanznachrichten.de/nachrichten-2025-01/64223848-eqs-news-kion-group-ag-kion-nvidia-und-accenture-optimieren-lieferketten-mit-ki-gestuetzten-robotern-und-digitalen-zwillingen-022.htm,,"EQS - News : KION GROUP AG : KION , NVIDIA und Accenture optimieren Lieferketten mit KI - gestützten Robotern und digitalen Zwillingen",20250107T051500Z,https://www.finanznachrichten.de/chart-accenture-plc-aktie-intraday-tradegate.png,finanznachrichten.de,German,Germany
http://www.merkur.de/wirtschaft/experten-plaedieren-fuer-wirtschaft-first-bei-buerokratie-energie-und-zukunftsinvestitionen-zr-93498059.html,,"Experten plädieren für „ Wirtschaft first  bei Bürokratie , Energie und Zukunftsinvestitionen",20250107T051500Z,,merkur.de,German,Germany
https://www.upi.com/Top_News/World-News/2025/01/06/criminalize-deepfake-images/5741736219262/,https://www.upi.com/amp/Top_News/World-News/2025/01/06/criminalize-deepfake-images/5741736219262/,Britain to criminalize creating and sharing sexually explicit deepfake content,20250107T051500Z,https://cdnph.upi.com/ph/st/th/5741736219262/2025/upi_com/c735f78f8464bd86dcad1c69382e67de/v1.5/Britain-to-criminalize-sexually-explicit-deepfake-content.jpg?lg=5,upi.com,English,United States
http://www.wa.de/wirtschaft/experten-plaedieren-fuer-wirtschaft-first-bei-buerokratie-energie-und-zukunftsinvestitionen-zr-93498059.html,,"Experten plädieren für „ Wirtschaft first  bei Bürokratie , Energie und Zukunftsinvestitionen",20250107T051500Z,,wa.de,German,Germany
https://dailytimes.com/columnists/dietert-center-kicks-off-new-year-with-variety-of-activities-and-events/article_67ce38dc-cc92-11ef-9a96-5b1a0d5e3aea.html,,Dietert Center kicks off new year with variety of activities and events,20250107T051500Z,,dailytimes.com,English,United States
https://www.aktiencheck.de/news/Artikel-EQS_News_KION_NVIDIA_und_Accenture_optimieren_Lieferketten_KI_gestuetzten_Robotern_und_digitalen_Zwillingen_deutsch-18037660,,"EQS - News : KION , NVIDIA und Accenture optimieren Lieferketten mit KI - gestützten Robotern und digitalen Zwillingen ( deutsch ) () ",20250107T051500Z,,aktiencheck.de,German,Germany
https://tribune.com.pk/story/2520470/cm-expands-scholarship-scheme,,CM expands scholarship scheme,20250107T051500Z,https://i.tribune.com.pk/media/images/161736201720-0/161736201720-0.jpg,tribune.com.pk,English,Pakistan
https://www.manilatimes.net/2025/01/07/tmt-newswire/pr-newswire/hisense-unveils-vision-of-an-ai-future-at-ces-2025/2032073,https://www.manilatimes.net/2025/01/07/tmt-newswire/pr-newswire/hisense-unveils-vision-of-an-ai-future-at-ces-2025/2032073/amp,Hisense Unveils Vision of an AI Future at CES 2025,20250107T051500Z,https://www.manilatimes.net/manilatimes/uploads/images/2025/01/07/507556.jpg,manilatimes.net,English,Philippines
"https://t24.com.tr/haber/apple-bbc-nin-sikayeti-uzerine-yapay-zeka-ozelligini-guncelleyecek,1208138","https://t24.com.tr/amp/haber/apple-bbc-nin-sikayeti-uzerine-yapay-zeka-ozelligini-guncelleyecek,1208138","Apple , BBCnin şikâyeti üzerine yapay zeka özelliğini güncelleyecek",20250107T051500Z,https://media-cdn.t24.com.tr/media/library/2024/09/1725956867743-yeni-proje-65.jpg,t24.com.tr,Turkish,Turkey
https://www.theweek.in/news/india/2025/01/07/disquiet-in-delhi-what-happens-after-jan-20-when-trump-occupies-the-white-house.html,https://www.theweek.in/news/india/2025/01/07/disquiet-in-delhi-what-happens-after-jan-20-when-trump-occupies-the-white-house.amp.html,Disquiet in Delhi : What happens after Jan 20 when Trump occupies the White House ? ,20250107T051500Z,https://www.theweek.in/content/dam/week/week/news/india/images/2025/1/7/Sullivan.jpg,theweek.in,English,India
https://acento.com.do/opinion/ac-fuentes-sociedad-postcapitalista-9441215.html,https://acento.com.do/amp/opinion/ac-fuentes-sociedad-postcapitalista-9441215.html,"AC , fuentes . Sociedad postcapitalista",20250107T051500Z,,acento.com.do,Spanish,Dominican Republic
https://www.nynganobserver.com.au/story/8861087/discover-breakthrough-in-ai-and-tech-trends-at-ces-2025/?cs=3051,,Discover breakthrough in AI and tech trends at CES 2025 | Nyngan Observer,20250107T051500Z,https://www.nynganobserver.com.au/images/transform/v1/crop/frm/172575538/2781db76-c0ef-40d3-acd8-f05760bf898a.jpeg/r0_781_8192_5082_w1200_h630_fmax.jpg,nynganobserver.com.au,English,Australia
https://lopezdoriga.com/ciencia-tecnologia/samsung-lanzara-al-mercado-su-robot-domestico-ballie-en-la-primera-mitad-de-2025/,,Samsung lanzará al mercado su robot doméstico Ballie en la primera mitad de 2025,20250107T051500Z,https://lopezdoriga.com/wp-content/uploads/2025/01/8a973e0e2b09d8bc795aa57c2cbf524352e7fc23w.jpg,lopezdoriga.com,Spanish,Mexico
https://www.kuaf.com/npr-news/2025-01-06/meta-taps-trump-ally-and-ufc-ceo-dana-white-to-join-its-board,https://www.kuaf.com/npr-news/2025-01-06/meta-taps-trump-ally-and-ufc-ceo-dana-white-to-join-its-board?_amp=true,Meta taps Trump ally and UFC CEO Dana White to join its board,20250107T051500Z,http://npr-brightspot.s3.amazonaws.com/4c/1c/318f06564bbf8c3a29d7899f03bb/gettyimages-2183218502.jpg,kuaf.com,English,United States
https://www.nola.com/news/business/25-billion-west-feliciana-data-center-approved/article_ef9dd03f-fbed-5a14-9ca0-22f9809cfd83.html,https://www.nola.com/news/business/25-billion-west-feliciana-data-center-approved/article_ef9dd03f-fbed-5a14-9ca0-22f9809cfd83.amp.html,$2 . 5 billion West Feliciana data center approved | Business News,20250107T051500Z,https://bloximages.newyork1.vip.townnews.com/nola.com/content/tncms/assets/v3/editorial/0/5c/05ccd369-6913-5d58-9c47-240cd01ef284/67575052f3aa7.image.jpg?crop=912%2C479%2C104%2C0,nola.com,English,United States
https://www.nbcconnecticut.com/news/business/money-report/samsung-electronics-banking-on-ai-to-outpace-global-growth-in-smartphones-home-appliances/3467913/,https://www.nbcconnecticut.com/news/business/money-report/samsung-electronics-banking-on-ai-to-outpace-global-growth-in-smartphones-home-appliances/3467913/?amp=1,"Samsung Electronics banking on AI to outpace global growth in smartphones , home appliances",20250107T051500Z,https://media.nbcconnecticut.com/2025/01/108082781-1736206258729-gettyimages-2192184665-CES_2025.jpeg?quality=85&strip=all,nbcconnecticut.com,English,United States
http://www.em.com.br/internacional/2025/01/7028255-meta-nomeia-dana-white-chefe-do-ufc-e-proximo-a-trump-para-seu-conselho-de-administracao.html,https://www.em.com.br/internacional/2025/01/amp/7028255-meta-nomeia-dana-white-chefe-do-ufc-e-proximo-a-trump-para-seu-conselho-de-administracao.html,"Meta nomeia Dana White , chefe do UFC e próximo a Trump , para seu conselho de administrao",20250107T051500Z,,em.com.br,Portuguese,Brazil
https://www.westernadvocate.com.au/story/8861087/discover-breakthrough-in-ai-and-tech-trends-at-ces-2025/?cs=2629,,Discover breakthrough in AI and tech trends at CES 2025 | Western Advocate,20250107T051500Z,https://www.westernadvocate.com.au/images/transform/v1/crop/frm/172575538/2781db76-c0ef-40d3-acd8-f05760bf898a.jpeg/r0_781_8192_5082_w1200_h630_fmax.jpg,westernadvocate.com.au,English,Australia
https://www.hppr.org/2025-01-06/meta-taps-trump-ally-and-ufc-ceo-dana-white-to-join-its-board,https://www.hppr.org/2025-01-06/meta-taps-trump-ally-and-ufc-ceo-dana-white-to-join-its-board?_amp=true,Meta taps Trump ally and UFC CEO Dana White to join its board,20250107T051500Z,http://npr-brightspot.s3.amazonaws.com/4c/1c/318f06564bbf8c3a29d7899f03bb/gettyimages-2183218502.jpg,hppr.org,English,United States
https://www.ksl.com:443/article/51223474/here-are-the-trends-shaping-technology-in-2025,,Here are the trends shaping technology in 2025,20250107T051500Z,https://img.ksl.com/slc/3034/303454/30345423.jpeg?filter=kslv2/responsive_story_lg,ksl.com,English,United States
https://www.zonebourse.com/cours/indice/NIKKEI-225-4987/actualite/Marches-en-Asie-les-puces-demangent-avant-des-annonces-Nvidia-48691895/,,Marchés en Asie : les puces démangent avant des annonces Nvidia,20250107T051500Z,https://www.zonebourse.com/images/reuters/2017-02-01T063808Z_1_LYNXMPED101Q0_RTROPTP_2_GLOBAL-MARKETS.JPG,zonebourse.com,French,France
https://thenationonlineng.net/two-ideas-men/,https://thenationonlineng.net/two-ideas-men/amp/,Two ideas men - The Nation Newspaper,20250107T051500Z,https://cdn.thenationonlineng.net/wp-content/uploads/2025/01/01024157/zASNwYqn-Tinubu.jpg,thenationonlineng.net,English,Nigeria
https://www.publicradiotulsa.org/npr-national-news/2025-01-06/meta-taps-trump-ally-and-ufc-ceo-dana-white-to-join-its-board,https://www.publicradiotulsa.org/npr-national-news/2025-01-06/meta-taps-trump-ally-and-ufc-ceo-dana-white-to-join-its-board?_amp=true,Meta taps Trump ally and UFC CEO Dana White to join its board,20250107T051500Z,http://npr-brightspot.s3.amazonaws.com/4c/1c/318f06564bbf8c3a29d7899f03bb/gettyimages-2183218502.jpg,publicradiotulsa.org,English,United States
https://www.aktiencheck.de/analysen/Artikel-EQS_News_KION_NVIDIA_und_Accenture_optimieren_Lieferketten_KI_gestuetzten_Robotern_und_digitalen_Zwillingen_deutsch-18037660,,"EQS - News : KION , NVIDIA und Accenture optimieren Lieferketten mit KI - gestützten Robotern und digitalen Zwillingen ( deutsch ) () ",20250107T051500Z,,aktiencheck.de,German,Germany
https://www.thestandard.com.hk/breaking-news/section/6/224563/Britain-to-make-sexually-explicit-,,Britain to make sexually explicit  deepfake a crime,20250107T051500Z,https://www.thestandard.com.hk/images/instant_news/20250107/20250107112703contentPhoto1.jpg,thestandard.com.hk,English,Hong Kong
https://www.latimes.com/espanol/eeuu/articulo/2025-01-06/eeuu-fabricantes-de-oximetros-deben-realizar-mas-estudios-sobre-resultados-con-piel-oscura,,EEUU : Fabricantes de oxímetros deben realizar más estudios sobre resultados con piel oscura,20250107T051500Z,https://california-times-brightspot.s3.amazonaws.com/2e/fa/277f8fb257614a89a4aaf94f24ef/c45ff549d0b3491891a8e4ddbc38a3e4,latimes.com,Spanish,United States
https://www.apr.org/politics-government/2025-01-06/meta-taps-trump-ally-and-ufc-ceo-dana-white-to-join-its-board,https://www.apr.org/politics-government/2025-01-06/meta-taps-trump-ally-and-ufc-ceo-dana-white-to-join-its-board?_amp=true,Meta taps Trump ally and UFC CEO Dana White to join its board,20250107T051500Z,http://npr-brightspot.s3.amazonaws.com/4c/1c/318f06564bbf8c3a29d7899f03bb/gettyimages-2183218502.jpg,apr.org,English,United States
https://www.westernadvocate.com.au/story/8861087/discover-breakthrough-in-ai-and-tech-trends-at-ces-2025/,,Discover breakthrough in AI and tech trends at CES 2025 | Western Advocate,20250107T051500Z,https://www.westernadvocate.com.au/images/transform/v1/crop/frm/172575538/2781db76-c0ef-40d3-acd8-f05760bf898a.jpeg/r0_781_8192_5082_w1200_h630_fmax.jpg,westernadvocate.com.au,English,Australia
https://indianexpress.com/article/technology/artificial-intelligence/sam-altman-predicts-ai-agents-will-enter-workforce-by-2025-aims-for-superintelligence-9764061/,https://indianexpress.com/article/technology/artificial-intelligence/sam-altman-predicts-ai-agents-will-enter-workforce-by-2025-aims-for-superintelligence-9764061/lite/,"Sam Altman predicts AI agents will enter workforce in 2025 , aims for superintelligence",20250107T051500Z,https://images.indianexpress.com/2024/03/sam-altman.jpg,indianexpress.com,English,India
https://www.newkerala.com/news/o/cannot-think-better-way-end-tenure-white-house-sullivan-594,,Jake Sullivan Final India Trip : US - India Nuclear Cooperation,20250107T051500Z,https://www.newkerala.comhttps://one.newkerala.com/images/r/narendra-modi-jake-sullivan-ani-6485.webp,newkerala.com,English,India
https://www.e-flux.com/announcements/646550/call-for-proposals-collaborations-afield/,,Call for proposals : Collaborations Afield - e - flux Education,20250107T051500Z,https://images.e-flux-systems.com/646550_3f27adb856127c71cd0641daee1b0ff4.jpg,e-flux.com,English,United States
https://www.hawkesburygazette.com.au/story/8861087/discover-breakthrough-in-ai-and-tech-trends-at-ces-2025/?cs=2729,,Discover breakthrough in AI and tech trends at CES 2025 | Hawkesbury Gazette,20250107T051500Z,https://www.hawkesburygazette.com.au/images/transform/v1/crop/frm/172575538/2781db76-c0ef-40d3-acd8-f05760bf898a.jpeg/r0_781_8192_5082_w1200_h630_fmax.jpg,hawkesburygazette.com.au,English,Australia
https://www.yahoo.com/news/britain-criminalize-creating-sharing-sexually-035152097.html,,Britain to criminalize creating and sharing sexually explicit deepfake content,20250107T051500Z,https://media.zenfs.com/en/united_press_international_articles_356/3529376a90974698b89fb6a68caccfd4,yahoo.com,English,United States
https://www.wirtualnemedia.pl/artykul/radio-wielkopolska-serwisy-informacyjne-ai-sztuczna-inteligencja-leszek-koziol-syntezator-mowy-dziennikarze,,Radio Wielkopolska serwisy informacyjne AI sztuczna inteligencja Leszek Kozioł syntezator mowy dziennikarze,20250107T051500Z,https://static.wirtualnemedia.pl/media/new/googleDiscovery/677821cc110fe_radio-wielkopolska-1200-012025.png,wirtualnemedia.pl,Polish,Poland
https://www.aaj.tv/news/30432944/,,دور جدید کے نوسٹراڈیمس کے اے آئی ورژن کی 2025 سے متعلق تباہ کن پیشگوئیاں - Life & Style,20250107T051500Z,,aaj.tv,Urdu,Pakistan
https://aninews.in/news/national/general-news/lok-sabha-speaker-om-birla-urges-more-support-for-women-led-enterprises20250107015801/,/news/national/general-news/lok-sabha-speaker-om-birla-urges-more-support-for-women-led-enterprises20250107015801?amp=1,Lok Sabha Speaker Om Birla urges more support for women - led enterprises,20250107T051500Z,https://d3lzcn6mbbadaf.cloudfront.net/media/details/ANI-20250106202751.jpg,aninews.in,English,India
https://www.bendigoadvertiser.com.au/story/8861087/discover-breakthrough-in-ai-and-tech-trends-at-ces-2025/,,Discover breakthrough in AI and tech trends at CES 2025 | Bendigo Advertiser,20250107T051500Z,https://www.bendigoadvertiser.com.au/images/transform/v1/crop/frm/172575538/2781db76-c0ef-40d3-acd8-f05760bf898a.jpeg/r0_781_8192_5082_w1200_h630_fmax.jpg,bendigoadvertiser.com.au,English,Australia
https://www.hawkesburygazette.com.au/story/8861087/discover-breakthrough-in-ai-and-tech-trends-at-ces-2025/,,Discover breakthrough in AI and tech trends at CES 2025 | Hawkesbury Gazette,20250107T051500Z,https://www.hawkesburygazette.com.au/images/transform/v1/crop/frm/172575538/2781db76-c0ef-40d3-acd8-f05760bf898a.jpeg/r0_781_8192_5082_w1200_h630_fmax.jpg,hawkesburygazette.com.au,English,Australia
https://star.ohmynews.com/NWS_Web/OhmyStar/at_pg.aspx?CNTN_CD=A0003093829&PAGE_CD=N0002&CMPT_CD=M0111,https://m.ohmynews.com/NWS_Web/Mobile/amp.aspx?CNTN_CD=A0003093829,"AI 때문에 해고되는 시대 , 점토로 만든 애니매이션의 자신감",20250107T051500Z,https://ojsfile.ohmynews.com/CRI_T_IMG/2025/0104/A0003093829_T.jpg,star.ohmynews.com,Korean,South Korea
https://www.newcastleherald.com.au/story/8861087/discover-breakthrough-in-ai-and-tech-trends-at-ces-2025/?cs=13296,,Discover breakthrough in AI and tech trends at CES 2025 | Newcastle Herald,20250107T051500Z,https://www.newcastleherald.com.au/images/transform/v1/crop/frm/172575538/2781db76-c0ef-40d3-acd8-f05760bf898a.jpeg/r0_781_8192_5082_w1200_h630_fmax.jpg,newcastleherald.com.au,English,
https://www.newcastleherald.com.au/story/8861087/discover-breakthrough-in-ai-and-tech-trends-at-ces-2025/,,Discover breakthrough in AI and tech trends at CES 2025 | Newcastle Herald,20250107T051500Z,https://www.newcastleherald.com.au/images/transform/v1/crop/frm/172575538/2781db76-c0ef-40d3-acd8-f05760bf898a.jpeg/r0_781_8192_5082_w1200_h630_fmax.jpg,newcastleherald.com.au,English,
https://3dnews.ru/1116294/asus-obnovila-igrovoy-planshet-rog-flow-z13-moshchnimi-protsessorami-amd-ryzen-ai,https://3dnews.ru/1116294/asus-obnovila-igrovoy-planshet-rog-flow-z13-moshchnimi-protsessorami-amd-ryzen-ai/amp,Asus обновила игровой планшет ROG Flow Z13 процессором AMD Ryzen AI Max+ с мощнейшей графикой,20250107T050000Z,https://3dnews.ru/assets/external/illustrations/2025/01/06/1116294/22.png,3dnews.ru,Russian,Russia
https://navabharat.com/?p=143499,,भारतीय परमाणु संस्थाओं को प्रतिबंध सूची से बाहर करने के उपायों पर विचार - विमर्श,20250107T050000Z,https://navabharat.com/wp-content/uploads/2025/01/45-3.jpg,navabharat.com,Hindi,India
https://www.fool.com.au/2025/01/07/2-quality-asx-200-tech-shares-primed-to-outperform-in-2025/,,2 quality ASX 200 tech shares primed to outperform in 2025,20250107T050000Z,https://www.fool.com.au/wp-content/uploads/2021/04/women-happy-using-a-computer-16_9.jpg,fool.com.au,English,Australia
https://bigpara.hurriyet.com.tr/haberler/ekonomi-haberleri/abdliler-tatilde-para-harcadi_ID1605841/,https://bigpara.hurriyet.com.tr/amp/haberler/ekonomi-haberleri/abdliler-tatilde-para-harcadi_ID1605841/,ABDliler tatilde para harcadı,20250107T050000Z,https://image.hurimg.com/i/hurriyet/75/0x0/677ca70305446bbcf5899c1d.jpg,bigpara.hurriyet.com.tr,Turkish,Turkey
https://www.nvi.com.au/story/8861087/discover-breakthrough-in-ai-and-tech-trends-at-ces-2025/,,Discover breakthrough in AI and tech trends at CES 2025 | Namoi Valley Independent,20250107T050000Z,https://www.nvi.com.au/images/transform/v1/crop/frm/172575538/2781db76-c0ef-40d3-acd8-f05760bf898a.jpeg/r0_781_8192_5082_w1200_h630_fmax.jpg,nvi.com.au,English,Australia
https://www.bozemandailychronicle.com/ap_news/business/ap-business-summarybrief-at-9-37-p-m-est/article_397dfa26-9d32-51bc-b8e5-15c7d8c7150d.html,,AP Business SummaryBrief at 9 : 37 p . m . EST,20250107T050000Z,https://bloximages.chicago2.vip.townnews.com/bozemandailychronicle.com/content/tncms/custom/image/2ffee154-edef-11e4-a572-ab4a61dde6eb.png,bozemandailychronicle.com,English,United States
https://biz.heraldcorp.com/article/10384798,,인비즈 등 광주지역 기업 36개사  CES 2025  참가,20250107T050000Z,https://wimg.heraldcorp.com/news/cms/2025/01/07/news-p.v1.20250107.c76490737b164a9f91be2eac6159e1e5_T1.jpg,biz.heraldcorp.com,Korean,South Korea
https://www.defenseone.com/technology/2025/01/dod-announces-completion-pilot-identify-medical-ai-vulnerabilities/401982/,,800 - plus  potential vulnerabilities and biase may afflict AI - infused medical services,20250107T050000Z,https://cdn.defenseone.com/media/img/cd/2025/01/06/GettyImages_2154674647/open-graph.jpg,defenseone.com,English,United States
https://gate.el-balad.com/64960,, « سدايا »: إطلاق برنامج خاص لبناء تطبيقات الذكاء الاصطناعي بلغة بايثون,20250107T050000Z,https://gate.el-balad.com/uploads/images/202501/image_870x580_677c9d743f6cb.webp,gate.el-balad.com,Arabic,Egypt
https://www.hankookilbo.com:443/News/Read/A2025010710350002442,https://m.hankookilbo.com/News/Read/Amp/A2025010710350002442,"서학개미가 꼽은 올해 기대주는 테슬라 , 엔비디아 … 이러니 국장 탈출  ",20250107T050000Z,https://newsimg-hams.hankookilbo.com/2025/01/07/455334e2-5876-4c09-bf7b-0c8e21fa0e50.jpg,hankookilbo.com,Korean,South Korea
https://www.kunr.org/npr-news/2025-01-06/meta-taps-trump-ally-and-ufc-ceo-dana-white-to-join-its-board,https://www.kunr.org/npr-news/2025-01-06/meta-taps-trump-ally-and-ufc-ceo-dana-white-to-join-its-board?_amp=true,Meta taps Trump ally and UFC CEO Dana White to join its board,20250107T050000Z,http://npr-brightspot.s3.amazonaws.com/4c/1c/318f06564bbf8c3a29d7899f03bb/gettyimages-2183218502.jpg,kunr.org,English,United States
https://www.fnnews.com/news/202501071026376052,https://www.fnnews.com/ampNews/202501071026376052,"부가세 납부기한 31일까지 연장 … 납세자 중심으로 대폭 개편 , 편의성↑",20250107T050000Z,https://image.fnnews.com/resource/media/image/2025/01/07/202501071126371517_l.jpg,fnnews.com,Korean,South Korea
https://www.redlandcitybulletin.com.au/story/8861087/discover-breakthrough-in-ai-and-tech-trends-at-ces-2025/?cs=2678,,Discover breakthrough in AI and tech trends at CES 2025 | Redland City Bulletin,20250107T050000Z,https://www.redlandcitybulletin.com.au/images/transform/v1/crop/frm/172575538/2781db76-c0ef-40d3-acd8-f05760bf898a.jpeg/r0_781_8192_5082_w1200_h630_fmax.jpg,redlandcitybulletin.com.au,English,Australia
https://www.corriereadriatico.it:443/lifestyle/wearable_technology_nel_2025_irrompe_la_tecnologia_ultime_notizie_oggi-8577418.html,https://www.corriereadriatico.it/AMP/lifestyle/wearable_technology_nel_2025_irrompe_la_tecnologia_ultime_notizie_oggi-8577418.html,Nel 2025 irrompe la tecnologia : le nuove tendenze dellanno vanno dalla wearable technology ai programmi per senior,20250107T050000Z,https://statics.cedscdn.it/photos/MED_HIGH/74/18/8577418_image.jpg,corriereadriatico.it,Italian,Italy
https://diena.lt/naujienos/ivairenybes/mokslas-ir-it/gerimas-ateities-kavos-gurmanai-jau-ragauja-dirbtinio-intelekto-kurini-1206645,,Gėrimas iš ateities : kavos gurmanai jau ragauja dirbtinio intelekto kūrinį,20250107T050000Z,https://diena.lt/sites/default/files/Vilniausdiena/Vartotoju%20zona/kamiles/french-woman-cafe-drinking-latte.jpg,diena.lt,Lithuanian,Lithuania
https://www.kvnf.org/npr-news/2025-01-06/meta-taps-trump-ally-and-ufc-ceo-dana-white-to-join-its-board,https://www.kvnf.org/npr-news/2025-01-06/meta-taps-trump-ally-and-ufc-ceo-dana-white-to-join-its-board?_amp=true,Meta taps Trump ally and UFC CEO Dana White to join its board,20250107T050000Z,http://npr-brightspot.s3.amazonaws.com/4c/1c/318f06564bbf8c3a29d7899f03bb/gettyimages-2183218502.jpg,kvnf.org,English,United States
https://www.batemansbaypost.com.au/story/8861087/discover-breakthrough-in-ai-and-tech-trends-at-ces-2025/,,Discover breakthrough in AI and tech trends at CES 2025 | Bay Post - Moruya Examiner,20250107T050000Z,https://www.batemansbaypost.com.au/images/transform/v1/crop/frm/172575538/2781db76-c0ef-40d3-acd8-f05760bf898a.jpeg/r0_781_8192_5082_w1200_h630_fmax.jpg,batemansbaypost.com.au,English,Australia
https://www.camdencourier.com.au/story/8861087/discover-breakthrough-in-ai-and-tech-trends-at-ces-2025/?cs=2999,,Discover breakthrough in AI and tech trends at CES 2025 | Camden Haven Courier,20250107T050000Z,https://www.camdencourier.com.au/images/transform/v1/crop/frm/172575538/2781db76-c0ef-40d3-acd8-f05760bf898a.jpeg/r0_781_8192_5082_w1200_h630_fmax.jpg,camdencourier.com.au,English,Australia
https://www.prnewswire.com/news-releases/genai-announces-change-of-management-and-appointment-of-patrick-gray-as-ceo-302343678.html,,GENAI ANNOUNCES CHANGE OF MANAGEMENT AND APPOINTMENT OF PATRICK GRAY AS CEO,20250107T050000Z,https://mma.prnewswire.com/media/2592071/GENERATIVE_AI_SOLUTIONS_CORP__GENAI_ANNOUNCES_CHANGE_OF_MANAGEME.jpg?p=facebook,prnewswire.com,English,United States
https://www.wutc.org/2025-01-06/meta-taps-trump-ally-and-ufc-ceo-dana-white-to-join-its-board,https://www.wutc.org/2025-01-06/meta-taps-trump-ally-and-ufc-ceo-dana-white-to-join-its-board?_amp=true,Meta taps Trump ally and UFC CEO Dana White to join its board,20250107T050000Z,http://npr-brightspot.s3.amazonaws.com/4c/1c/318f06564bbf8c3a29d7899f03bb/gettyimages-2183218502.jpg,wutc.org,English,United States
https://www.easternriverinachronicle.com.au/story/8861087/discover-breakthrough-in-ai-and-tech-trends-at-ces-2025/?cs=635,,Discover breakthrough in AI and tech trends at CES 2025 | Eastern Riverina Chronicle,20250107T050000Z,https://www.easternriverinachronicle.com.au/images/transform/v1/crop/frm/172575538/2781db76-c0ef-40d3-acd8-f05760bf898a.jpeg/r0_781_8192_5082_w1200_h630_fmax.jpg,easternriverinachronicle.com.au,English,Australia
https://www.finanznachrichten.de/nachrichten-2025-01/64223785-super-rally-2025-kuenstliche-intelligenz-krypto-und-energiehunger-top-performance-mit-microstrategy-xxix-metal-byd-und-mercedes-673.htm,,"Super Rally 2025 : Künstliche Intelligenz , Krypto und Energiehunger ! TOP - Performance mit MicroStrategy , XXIX Metal , BYD und Mercedes",20250107T050000Z,https://www.finanznachrichten.de/chart-mercedes-benz-group-ag-aktie-intraklein-xetra.png,finanznachrichten.de,German,Germany
https://www.batemansbaypost.com.au/story/8861087/discover-breakthrough-in-ai-and-tech-trends-at-ces-2025/?cs=2690,,Discover breakthrough in AI and tech trends at CES 2025 | Bay Post - Moruya Examiner,20250107T050000Z,https://www.batemansbaypost.com.au/images/transform/v1/crop/frm/172575538/2781db76-c0ef-40d3-acd8-f05760bf898a.jpeg/r0_781_8192_5082_w1200_h630_fmax.jpg,batemansbaypost.com.au,English,Australia
https://www.fnnews.com/news/202501070905470015,https://www.fnnews.com/ampNews/202501070905470015,"삼성전자 , 23일  언팩  개최 … 슬림  출시 공식화",20250107T050000Z,https://image.fnnews.com/resource/media/image/2025/01/07/202501070856494691_l.jpg,fnnews.com,Korean,South Korea
https://www.prnewswire.com/news-releases/hisense-unveils-vision-of-an-ai-future-at-ces-2025-302343729.html,,Hisense Unveils Vision of an AI Future at CES 2025,20250107T050000Z,https://mma.prnewswire.com/media/2592123/image_3.jpg?p=facebook,prnewswire.com,English,United States
https://www.hankookilbo.com:443/News/Read/A2025010710280005286,https://m.hankookilbo.com/News/Read/Amp/A2025010710280005286,"  새로운 모바일 AI 경험  23일 나타날 갤럭시 S25 , 얼마나 더 똑똑해졌을까",20250107T050000Z,https://newsimg.hankookilbo.com/cms/articlerelease/2025/01/07/3e79d1b2-69e7-4b6a-90b9-52de12006c23.jpg,hankookilbo.com,Korean,South Korea
https://www.redlandcitybulletin.com.au/story/8861087/discover-breakthrough-in-ai-and-tech-trends-at-ces-2025/?cs=30776,,Discover breakthrough in AI and tech trends at CES 2025 | Redland City Bulletin,20250107T050000Z,https://www.redlandcitybulletin.com.au/images/transform/v1/crop/frm/172575538/2781db76-c0ef-40d3-acd8-f05760bf898a.jpeg/r0_781_8192_5082_w1200_h630_fmax.jpg,redlandcitybulletin.com.au,English,Australia
https://www.theadvocate.com.au/story/8861087/discover-breakthrough-in-ai-and-tech-trends-at-ces-2025/?cs=2605,,Discover breakthrough in AI and tech trends at CES 2025 | The Advocate,20250107T050000Z,https://www.theadvocate.com.au/images/transform/v1/crop/frm/172575538/2781db76-c0ef-40d3-acd8-f05760bf898a.jpeg/r0_781_8192_5082_w1200_h630_fmax.jpg,theadvocate.com.au,English,Australia
https://news.mt.co.kr/hotview.php?no=2025010708210222102&type=1&sec=all&hid=202501061008232533&hcnt=26&vgb=hot&MTPKA_T,https://m.mt.co.kr/renew/view_amp.html?no=2025010708210222102,"5년만에 CES 돌아온 토요타 , 야심작  우븐시티  뚜껑 열어보니 … ",20250107T050000Z,https://thumb.mt.co.kr/21/2025/01/2025010708210222102_1.jpg,news.mt.co.kr,Korean,South Korea
https://news.mt.co.kr/mtview.php?no=2025010710144217184&type=2&sec=politics2&pDepth2=Qtotal&MPT_T,https://m.mt.co.kr/renew/view_amp.html?no=2025010710144217184,"  이주호 딸 증인신청은 보류 ... 국회 , 17일  AI교과서 청문회  개최",20250107T050000Z,https://thumb.mt.co.kr/21/2025/01/2025010710144217184_1.jpg,news.mt.co.kr,Korean,South Korea
https://www.voanews.com/a/homes-talk-and-tables-walk-at-ai-dominated-consumer-electronics-show-/7926828.html,https://www.voanews.com/amp/homes-talk-and-tables-walk-at-ai-dominated-consumer-electronics-show-/7926828.html,Homes talk and tables walk at AI - dominated Consumer Electronics Show,20250107T050000Z,https://gdb.voanews.com/04B033FF-CDF5-4923-99C0-1AB1EE827ADA.jpg,voanews.com,English,United States
https://www.corriereadriatico.it:443/lifestyle/l_intelligenza_artificiale_nuove_frontiere_cardiologia_ultime_notizie_oggi-8577420.html,https://www.corriereadriatico.it/AMP/lifestyle/l_intelligenza_artificiale_nuove_frontiere_cardiologia_ultime_notizie_oggi-8577420.html,Lintelligenza artificiale nuove frontiere in cardiologia . I vantaggi illustrati al congresso nazionale,20250107T050000Z,https://statics.cedscdn.it/photos/MED_HIGH/74/20/8577420_image.jpg,corriereadriatico.it,Italian,Italy
https://www.nvi.com.au/story/8861087/discover-breakthrough-in-ai-and-tech-trends-at-ces-2025/?cs=3123,,Discover breakthrough in AI and tech trends at CES 2025 | Namoi Valley Independent,20250107T050000Z,https://www.nvi.com.au/images/transform/v1/crop/frm/172575538/2781db76-c0ef-40d3-acd8-f05760bf898a.jpeg/r0_781_8192_5082_w1200_h630_fmax.jpg,nvi.com.au,English,Australia
https://www.wprl.org/npr-news/2025-01-06/meta-taps-trump-ally-and-ufc-ceo-dana-white-to-join-its-board,https://www.wprl.org/npr-news/2025-01-06/meta-taps-trump-ally-and-ufc-ceo-dana-white-to-join-its-board?_amp=true,Meta taps Trump ally and UFC CEO Dana White to join its board,20250107T050000Z,http://npr-brightspot.s3.amazonaws.com/4c/1c/318f06564bbf8c3a29d7899f03bb/gettyimages-2183218502.jpg,wprl.org,English,United States
https://news.mt.co.kr/mtview.php?no=2025010709151972766&type=2&sec=midsmall&pDepth2=Ototal&MSI_T,https://m.mt.co.kr/renew/view_amp.html?no=2025010709151972766,"AI 스마트양식 전문  타이드풀 , 15억원 프리A 투자 유치",20250107T050000Z,https://thumb.mt.co.kr/21/2025/01/2025010709151972766_1.jpg,news.mt.co.kr,Korean,South Korea
https://www.hankookilbo.com:443/News/Read/A2025010706310004957,https://m.hankookilbo.com/News/Read/Amp/A2025010706310004957,"로봇이 빨래 개고 ,  하늘 나는 차  로 도쿄 왕복 ... 베일 벗은 도요타의 미래 도시",20250107T050000Z,https://newsimg-hams.hankookilbo.com/2025/01/07/f08e644a-df9e-4da2-b14b-f85b0ff14c6a.jpg,hankookilbo.com,Korean,South Korea
https://bigpara.hurriyet.com.tr/haberler/teknoloji-haberleri/apple-uyariyi-dikkate-aldi-yapay-zekada-guncelleme_ID1605844/,https://bigpara.hurriyet.com.tr/amp/haberler/teknoloji-haberleri/apple-uyariyi-dikkate-aldi-yapay-zekada-guncelleme_ID1605844/,Apple uyarıyı dikkate aldı ! Yapay zekada güncelleme,20250107T050000Z,https://image.hurimg.com/i/hurriyet/75/0x0/677cab4f05446bbcf5899c39.jpg,bigpara.hurriyet.com.tr,Turkish,Turkey
https://www.cronista.com/infotechnology/actualidad/las-nuevas-funciones-de-whatsapp-para-2025-que-tenes-que-probar/,,Las NUEVAS FUNCIONES de WHATSAPP para 2025 que tenés que probar,20250107T050000Z,https://www.cronista.com/files/image/1047/1047079/677c1b7501330_600_315!.jpg?s=9615cd3afdc30643fe1e240ee4eb47f0&d=1736214392,cronista.com,Spanish,Argentina
https://www.redlandcitybulletin.com.au/story/8861087/discover-breakthrough-in-ai-and-tech-trends-at-ces-2025/,,Discover breakthrough in AI and tech trends at CES 2025 | Redland City Bulletin,20250107T050000Z,https://www.redlandcitybulletin.com.au/images/transform/v1/crop/frm/172575538/2781db76-c0ef-40d3-acd8-f05760bf898a.jpeg/r0_781_8192_5082_w1200_h630_fmax.jpg,redlandcitybulletin.com.au,English,Australia
https://www.prnewswire.com/news-releases/hisense-unveils-vision-of-an-ai-future-at-ces-2025-302343779.html,,Hisense Unveils Vision of an AI Future at CES 2025,20250107T050000Z,https://mma.prnewswire.com/media/2592123/image_3.jpg?p=facebook,prnewswire.com,English,United States
https://www.nbclosangeles.com/news/business/money-report/samsung-electronics-banking-on-ai-to-outpace-global-growth-in-smartphones-home-appliances/3595925/,https://www.nbclosangeles.com/news/business/money-report/samsung-electronics-banking-on-ai-to-outpace-global-growth-in-smartphones-home-appliances/3595925/?amp=1,"Samsung Electronics banking on AI to outpace global growth in smartphones , home appliances",20250107T050000Z,https://media.nbclosangeles.com/2025/01/108082781-1736206258729-gettyimages-2192184665-CES_2025.jpeg?quality=85&strip=all,nbclosangeles.com,English,United States
https://3dnews.ru/1116343/intel-podtverdila-chto-nachnyot-vipuskat-seriynie-produkti-po-tehprotsessu-18a-vo-vtorom-polugodii,https://3dnews.ru/1116343/intel-podtverdila-chto-nachnyot-vipuskat-seriynie-produkti-po-tehprotsessu-18a-vo-vtorom-polugodii/amp,"Intel подтвердила , что начнёт выпускать серийные продукты по техпроцессу 18A во втором полугодии",20250107T050000Z,https://3dnews.ru/assets/external/illustrations/2025/01/07/1116343/18A_01.jpg,3dnews.ru,Russian,Russia
https://biz.heraldcorp.com:443/article/10384798,,인비즈 등 광주지역 기업 36개사  CES 2025  참가,20250107T050000Z,https://wimg.heraldcorp.com/news/cms/2025/01/07/news-p.v1.20250107.c76490737b164a9f91be2eac6159e1e5_T1.jpg,biz.heraldcorp.com,Korean,South Korea
https://www.ppelverdadero.com.ec/2025/01/septima-edicion-de-cn-talk-sigue.html,,Séptima edición de CN Talk sigue potenciando el crecimiento profesional de universitarios,20250107T050000Z,,ppelverdadero.com.ec,Spanish,Ecuador
https://www.thejakartapost.com/world/2025/01/07/meta-names-ufc-boss-dana-white-a-trump-ally-to-board.html,,"Meta Names UFC boss Dana White , a Trump ally , to board - Americas",20250107T050000Z,https://img.jakpost.net/c/2024/11/28/2024_11_28_157789_1732778380._large.jpg,thejakartapost.com,English,Indonesia
https://www.theadvocate.com.au/story/8861087/discover-breakthrough-in-ai-and-tech-trends-at-ces-2025/,,Discover breakthrough in AI and tech trends at CES 2025 | The Advocate,20250107T050000Z,https://www.theadvocate.com.au/images/transform/v1/crop/frm/172575538/2781db76-c0ef-40d3-acd8-f05760bf898a.jpeg/r0_781_8192_5082_w1200_h630_fmax.jpg,theadvocate.com.au,English,Australia
https://www.jansatta.com/entertainment/shah-rukh-khan-gauri-mecca-photo-fact-check-king-khan-converted-wife-gauri-into-muslim-know-the-truth/3766902/,https://www.jansatta.com/entertainment/shah-rukh-khan-gauri-mecca-photo-fact-check-king-khan-converted-wife-gauri-into-muslim-know-the-truth/3766902/lite/,Shah Rukh Khan Gauri Mecca Photo Fact Check king Khan converted wife gauri into muslim know the Truth,20250107T050000Z,https://www.jansatta.com/wp-content/uploads/2025/01/Shah-Rukh-Khan-Gauri-Mecca-Photo-Fact-Check.jpg,jansatta.com,Hindi,India
https://www.mynspr.org/2025-01-06/meta-taps-trump-ally-and-ufc-ceo-dana-white-to-join-its-board,https://www.mynspr.org/2025-01-06/meta-taps-trump-ally-and-ufc-ceo-dana-white-to-join-its-board?_amp=true,Meta taps Trump ally and UFC CEO Dana White to join its board,20250107T050000Z,http://npr-brightspot.s3.amazonaws.com/4c/1c/318f06564bbf8c3a29d7899f03bb/gettyimages-2183218502.jpg,mynspr.org,English,United States
https://www.inewsgr.com/97/ilektronikos-fakelos-gia-kathe-forologoumeno-parakolouthisi-ofeileton-eispraxi-fpa-se-pragmatiko-chrono-aftomati-epistrofi-foron.htm,https://www.inewsgr.com/97/ilektronikos-fakelos-gia-kathe-forologoumeno-parakolouthisi-ofeileton-eispraxi-fpa-se-pragmatiko-chrono-aftomati-epistrofi-foron.htm.amp,"Ηλεκτρονικός φάκελος για κάθε φορολογούμενο : Παρακολούθηση οφειλετών , είσπραξη ΦΠΑ σε πραγματικό χρόνο , αυτόματη επιστροφή φόρων",20250107T050000Z,https://images32.inewsgr.com/5499/54995869/1.jpg,inewsgr.com,Greek,Greece
https://www.krgv.com/news/embajador-saliente-de-eeuu-en-m-xico-percibe-cambios-grandes-en-la-relaci-n-diplom-tica-bajo-trump,,Embajador saliente de EEUU en México percibe,20250107T050000Z,https://dcer237tfveol.cloudfront.net/v2/m45BS4KYEuXBRADojbRqBg8omLF-jkwWh_mNn6-vQuxNjO7wXkR3g7AVotumTinjpbXD7S501mwaD-yYkNHmKUPe_b0SbYC6hdxkEPutM5PW6k4runMzjzq3hJPGcefxU,krgv.com,Spanish,United States
https://www.easternriverinachronicle.com.au/story/8861087/discover-breakthrough-in-ai-and-tech-trends-at-ces-2025/,,Discover breakthrough in AI and tech trends at CES 2025 | Eastern Riverina Chronicle,20250107T050000Z,https://www.easternriverinachronicle.com.au/images/transform/v1/crop/frm/172575538/2781db76-c0ef-40d3-acd8-f05760bf898a.jpeg/r0_781_8192_5082_w1200_h630_fmax.jpg,easternriverinachronicle.com.au,English,Australia
https://www.batemansbaypost.com.au/story/8861087/discover-breakthrough-in-ai-and-tech-trends-at-ces-2025/?cs=14264,,Discover breakthrough in AI and tech trends at CES 2025 | Bay Post - Moruya Examiner,20250107T050000Z,https://www.batemansbaypost.com.au/images/transform/v1/crop/frm/172575538/2781db76-c0ef-40d3-acd8-f05760bf898a.jpeg/r0_781_8192_5082_w1200_h630_fmax.jpg,batemansbaypost.com.au,English,Australia
https://bigpara.hurriyet.com.tr/haberler/piyasa-haberleri/abd-borsalari-dalgali-seyretti_ID1605842/,https://bigpara.hurriyet.com.tr/amp/haberler/piyasa-haberleri/abd-borsalari-dalgali-seyretti_ID1605842/,ABD borsaları dalgalı seyretti,20250107T050000Z,https://image.hurimg.com/i/hurriyet/75/0x0/677ca74f05446bbcf5899c27.jpg,bigpara.hurriyet.com.tr,Turkish,Turkey
http://www.ingame.de/news/playstation/ps6-markteinfuehrung-sony-manager-spricht-ueber-allmaehliches-verschwinden-der-ps5-und-warum-das-hervorragend-ist-93496533.html,,PS6 Markteinführung : Sony - Manager spricht über allmähliches Verschwinden der PS5 und warum das hervorragend ist,20250107T050000Z,,ingame.de,German,Germany
https://www.yoursourceone.com/news/national_news/stock-market-today-asian-shares-mostly-rise-after-wall-street-rally-led-by-nvidia/article_0abad24e-4d5b-535a-a354-1bd1dfdc5109.html,,Stock market today : Asian shares mostly rise after Wall Street rally led by Nvidia,20250107T043000Z,https://bloximages.newyork1.vip.townnews.com/yoursourceone.com/content/tncms/assets/v3/editorial/f/73/f731aabf-226e-53e6-b8a8-5b62e5a012b9/677c95de2574a.image.jpg?crop=1763%2C926%2C0%2C124,yoursourceone.com,English,
https://www.aol.com/henchwoman-exiled-chinese-business-tycoon-033303363.html,,Henchwoman of exiled Chinese business tycoon sentenced for role in $1B fraud scheme,20250107T043000Z,https://s.yimg.com/ny/api/res/1.2/0xzvAuC06wEY71PnF8nLqA--/YXBwaWQ9aGlnaGxhbmRlcjt3PTEyMDA7aD05MDA-/https://media.zenfs.com/en/usa_today_news_641/dcec94a1d39f7a3f32c70f393c1ba46b,aol.com,English,United States
https://www.ibtimes.com/meta-names-ufc-boss-dana-white-trump-ally-board-3758076,,"Meta Names UFC Boss Dana White , A Trump Ally , To Board",20250107T043000Z,https://d.ibtimes.com/en/full/4573422/ceo-ultimate-fighting-championship-dana-white-c-close-ally-us-president-elect-donald-trump.jpg,ibtimes.com,English,United States
https://www.thenews.com.pk/latest/1269536-meta-names-ufc-boss-dana-white-a-trump-ally-to-board,,Meta appoints UFC chief and Trump ally Dana White to board,20250107T043000Z,https://www.thenews.com.pk/assets/uploads/updates/2025-01-07/l_1269536_085705_updates.jpg,thenews.com.pk,English,Pakistan
https://www.kpcw.org/npr-news/2025-01-06/meta-taps-trump-ally-and-ufc-ceo-dana-white-to-join-its-board,https://www.kpcw.org/npr-news/2025-01-06/meta-taps-trump-ally-and-ufc-ceo-dana-white-to-join-its-board?_amp=true,Meta taps Trump ally and UFC CEO Dana White to join its board,20250107T043000Z,http://npr-brightspot.s3.amazonaws.com/4c/1c/318f06564bbf8c3a29d7899f03bb/gettyimages-2183218502.jpg,kpcw.org,English,United States
https://www.legaltoday.com/opinion/articulos-de-opinion/la-inteligencia-artificial-y-la-abogacia-aliados-o-enemigos-2025-01-07/,,La inteligencia artificial y la abogacía : ¿ aliados o enemigos ? ,20250107T043000Z,https://www.legaltoday.com/wp-content/uploads/2024/05/inteligencia-artificial.jpg,legaltoday.com,Spanish,Spain
https://news.wfsu.org/all-npr-news/2025-01-06/meta-taps-trump-ally-and-ufc-ceo-dana-white-to-join-its-board,,Meta taps Trump ally and UFC CEO Dana White to join its board,20250107T043000Z,http://npr-brightspot.s3.amazonaws.com/4c/1c/318f06564bbf8c3a29d7899f03bb/gettyimages-2183218502.jpg,news.wfsu.org,English,United States
https://www.thestar.com.my/tech/tech-news/2025/01/07/what-are-openai-users-keen-to-see-this-year,,What are OpenAI users keen to see this year ? ,20250107T043000Z,https://apicms.thestar.com.my/uploads/images/2025/01/06/3103734.jpg,thestar.com.my,English,Malaysia
https://www.kauppalehti.fi/uutiset/tuntuuko-etta-uutta-tyota-on-mahdoton-saada-kilpailu-tyopaikoista-on-kiristynyt/d33bf63d-850e-4b4f-91de-2cfd36d03c63,,"Tuntuuko , että uutta työtä on mahdoton saada ? – Kilpailu työpaikoista on kiristynyt",20250107T043000Z,"https://images.almatalent.fi/cx169,cy0,cw2666,ch2000,1200x/https://assets.almatalent.fi/image/b4d21ee7-4d1d-5a60-824f-a2dfdeb9930e",kauppalehti.fi,Finnish,Finland
https://bdnews24.com/technology/d61c1301e183,,UK to make sexually explicit  deepfake a crime,20250107T043000Z,https://cdn.bdnews24.com/bdnews24/media/english/imgAll/2025January/PLATE/uk-ministry-of-justice-070125-01-1736222019.jpg,bdnews24.com,English,Bangladesh
https://m.metroseoul.co.kr:443/article/20250107500179,,"정근식 서울교육감  AI 디지털교과서 활용 여부 , 각 학교 결정 따를 것  ",20250107T043000Z,https://cdn.emetro.co.kr/data2/content/image/2025/01/07/.cache/512/20250107500180.jpg,m.metroseoul.co.kr,Korean,South Korea
https://www.digitaltrends.com/computing/nvidia-rtx-50-gaming-laptops-start-at-1299/,,"Nvidia promises RTX 4090 performance in a $1 , 300 laptop",20250107T043000Z,https://www.digitaltrends.com/wp-content/uploads/2025/01/Screenshot-2025-01-06-at-7.02.41%E2%80%AFPM.jpg,digitaltrends.com,English,United States
https://m.metroseoul.co.kr:443/article/20250107500204,,"CES2025 ,  반려동물  사업 눈에 띄네 .. 삼성전자 반려로봇 출시 예고",20250107T043000Z,https://cdn.emetro.co.kr/data2/content/image/2025/01/07/.cache/512/20250107500207.jpg,m.metroseoul.co.kr,Korean,South Korea
https://www.washingtonexaminer.com/policy/foreign-policy/3277968/macron-promises-france-tough-world-stage-win-trump-respect/,,Macron promises France will win Trump respect - Washington Examiner,20250107T043000Z,https://www.washingtonexaminer.com/wp-content/uploads/2025/01/m-and-t.webp,washingtonexaminer.com,English,United States
https://www.hna.de/wirtschaft/experten-plaedieren-fuer-wirtschaft-first-bei-buerokratie-energie-und-zukunftsinvestitionen-zr-93498059.html,,"Experten plädieren für „ Wirtschaft first  bei Bürokratie , Energie und Zukunftsinvestitionen",20250107T043000Z,,hna.de,German,Germany
https://gda.com/detalle-de-la-noticia/?article=5623553,,El libro que recomienda Bill Gates sobre inteligencia artificial :  Ofrece algo poco común  ,20250107T043000Z,,gda.com,Spanish,Mexico
https://www.fool.com/investing/2025/01/06/why-super-micro-computer-stock-is-soaring-today/,,Why Super Micro Computer Stock Is Soaring Today,20250107T043000Z,https://g.foolcdn.com/editorial/images/802987/gettyimages-1482246510.jpg,fool.com,English,United States
https://www.kyuk.org/2025-01-06/meta-taps-trump-ally-and-ufc-ceo-dana-white-to-join-its-board,,Meta taps Trump ally and UFC CEO Dana White to join its board,20250107T043000Z,http://npr-brightspot.s3.amazonaws.com/4c/1c/318f06564bbf8c3a29d7899f03bb/gettyimages-2183218502.jpg,kyuk.org,English,United States
https://qz.com/emails/daily-brief/1851733747/daily-brief-trump-inauguration-fund-sam-altman-openai,,Which companies are giving most to Trump inauguration fund ? ,20250107T043000Z,"https://i.kinja-img.com/image/upload/c_fill,h_675,pg_1,q_80,w_1200/73b8a6c7b960f2d43a559c1438405ff7.jpg",qz.com,English,United States
https://www.governing.com/finance/a-suspenseful-new-year-in-public-finance,,A Suspenseful New Year in Public Finance,20250107T043000Z,http://erepublic-brightspot.s3.us-west-2.amazonaws.com/71/1f/ee9b93054cf4ae2e2f478891138c/gmiller-new-year-1-7-adobe3.jpg,governing.com,English,United States
https://www.udayavani.com/english-news/looking-forward-to-building-upon-momentum-in-india-us-ties-pm-modi,https://english.udayavani.com/article/looking-forward-to-building-upon-momentum-in-india-us-ties-pm-modi/1762928,Looking forward to building upon momentum in India - US ties : PM Modi,20250107T043000Z,https://www.udayavani.com/wp-content/uploads/2025/01/pm-modi-5-598x465.jpg,udayavani.com,English,India
https://www.thestar.com.my/tech/tech-news/2025/01/07/ces-2025-dell-unveils-apple-like-rebrand-in-bid-to-make-pcs-cool-again,,CES 2025 : Dell unveils Apple - like rebrand in bid to make PCs cool again,20250107T043000Z,https://apicms.thestar.com.my/uploads/images/2025/01/07/3104886.jpg,thestar.com.my,English,Malaysia
https://www.krvs.org/npr-news/2025-01-06/meta-taps-trump-ally-and-ufc-ceo-dana-white-to-join-its-board,,Meta taps Trump ally and UFC CEO Dana White to join its board,20250107T043000Z,http://npr-brightspot.s3.amazonaws.com/4c/1c/318f06564bbf8c3a29d7899f03bb/gettyimages-2183218502.jpg,krvs.org,English,United States
https://m.metroseoul.co.kr:443/article/20250107500215,," [ CES 2025 ] 델 , CES 2025서 온디바이스 AI PC 공개 … 3월 국내 출시",20250107T043000Z,https://cdn.emetro.co.kr/data2/content/image/2025/01/07/.cache/512/20250107500216.jpg,m.metroseoul.co.kr,Korean,South Korea
https://www.inewsgr.com/305/ergostasia-technitis-noimosynis-prooptikes-kai-prokliseis.htm,https://www.inewsgr.com/305/ergostasia-technitis-noimosynis-prooptikes-kai-prokliseis.htm.amp,Εργοστάσια Τεχνητής Νοημοσύνης : προοπτικές και προκλήσεις,20250107T043000Z,https://images32.inewsgr.com/5499/54995751/1.jpg,inewsgr.com,Greek,Greece
https://m.metroseoul.co.kr:443/article/20250107500159,,"스트라드비젼 , CES2025서 AMD와 협업한 자율주행용  차세대 인식 기술  공개",20250107T043000Z,https://cdn.emetro.co.kr/data2/content/image/2025/01/07/.cache/512/20250107500160.jpg,m.metroseoul.co.kr,Korean,South Korea
https://www.menorca.info/opinion/editorial/2025/01/07/2301267/impacto-uso-digitalizacion-aulas-balears.html,https://amp.menorca.info/opinion/editorial/2025/01/07/2301267/impacto-uso-digitalizacion-aulas-balears.html,El impacto y el uso de la digitalización en las aulas de Balears,20250107T043000Z,https://men.gsstatic.es/autor/editorial/32.png,menorca.info,Spanish,Spain
https://www.ypradio.org/npr-news/2025-01-06/meta-taps-trump-ally-and-ufc-ceo-dana-white-to-join-its-board,https://www.ypradio.org/npr-news/2025-01-06/meta-taps-trump-ally-and-ufc-ceo-dana-white-to-join-its-board?_amp=true,Meta taps Trump ally and UFC CEO Dana White to join its board,20250107T043000Z,http://npr-brightspot.s3.amazonaws.com/4c/1c/318f06564bbf8c3a29d7899f03bb/gettyimages-2183218502.jpg,ypradio.org,English,United States
https://jornaldebrasilia.com.br/noticias/mundo/meta-nomeia-dana-white-chefe-do-ufc-e-proximo-a-trump-para-seu-conselho-de-administracao/,,"Meta nomeia Dana White , chefe do UFC e próximo a Trump , para seu conselho de administrao",20250107T040000Z,https://cdn.jornaldebrasilia.com.br/wp-content/uploads/2024/03/01102006/Meta-Facebook.jpg,jornaldebrasilia.com.br,Portuguese,Brazil
https://www.telemundochicago.com/noticias/eeuu/que-saber-gafas-meta-usadas-nueva-orleans/2519863/,https://www.telemundochicago.com/noticias/eeuu/que-saber-gafas-meta-usadas-nueva-orleans/2519863/?amp=1,Qué saber de gafas de Meta que usó atacante de Nueva Orleans – Telemundo Chicago,20250107T040000Z,https://media.telemundochicago.com/2025/01/tlmd-lentes-meta-GettyImages-1693405717-copy.jpg?quality=85&strip=all,telemundochicago.com,Spanish,United States
https://www.nbcdfw.com/news/business/money-report/samsung-electronics-banking-on-ai-to-outpace-global-growth-in-smartphones-home-appliances/3734511/,https://www.nbcdfw.com/news/business/money-report/samsung-electronics-banking-on-ai-to-outpace-global-growth-in-smartphones-home-appliances/3734511/?amp=1,"Samsung Electronics banking on AI to outpace global growth in smartphones , home appliances",20250107T040000Z,https://media.nbcdfw.com/2025/01/108082781-1736206258729-gettyimages-2192184665-CES_2025.jpeg?quality=85&strip=all,nbcdfw.com,English,United States
https://www.wkrb13.com/2025/01/07/datametrex-ai-cvedm-trading-60-higher-still-a-buy.html,,Datametrex AI ( CVE : DM ) Trading 60 % Higher – Still a Buy ? ,20250107T040000Z,,wkrb13.com,English,United States
https://economictimes.indiatimes.com/tech/technology/dana-white-ceo-of-ultimate-fighting-championship-joins-metas-board/articleshow/117008382.cms,,"Dana White : Dana White , CEO of Ultimate Fighting Championship , joins Meta board",20250107T040000Z,"https://img.etimg.com/thumb/msid-117008430,width-1200,height-630,imgsize-1117172,overlay-ettech/articleshow.jpg",economictimes.indiatimes.com,English,India
https://newsway.co.kr/news/view?ud=2025010711003908716,,8년 전 연설 후 주가 60배↑ ... 젠슨 황은 그렇게  세상의 중심  이 됐다,20250107T040000Z,https://nimage.newsway.co.kr/photo/2024/03/20/20240320000006_1200.jpg,newsway.co.kr,Korean,South Korea
https://www.streamingmedia.com/Articles/Post/Blog/2025-Demands-Radical-Collaboration-and-AI-Driven-Innovation-167456.aspx,,2025 Demands Radical Collaboration and AI - Driven Innovation,20250107T040000Z,https://dzceab466r34n.cloudfront.net/Images/ArticleImages/167312-AI-ORG.jpg,streamingmedia.com,English,United States
https://www.sdpnoticias.com/espectaculos/famosos/angela-aguilar-lo-dejo-ir-supuesta-amante-de-christian-nodal-revela-conversaciones-con-la-cantante/,,ngela Aguilar lo dejó ir ? Supuesta amante de Christian Nodal revela conversaciones con la cantante,20250107T040000Z,https://www.sdpnoticias.com/resizer/v2/LMIU2F2PWFCVXAC7MGCMBY7X44.jpg?smart=true&auth=3d8f58925ef051cd8d60af29c542b758bea4d34cb0c5a50e667797ebde1d4b78,sdpnoticias.com,Spanish,Mexico
https://news.finance.ua/ua/peredplata-chatgpt-pro-za-200-stala-zbytkovoyu-dlya-openai,,Передплата ChatGPT Pro за $200 стала збитковою для OpenAI Finance . ua,20250107T040000Z,https://finance-news-media.fra1.cdn.digitaloceanspaces.com/prod/a/c/ac2179fcad5a21c30cc81921374877e6,news.finance.ua,Ukrainian,Ukraine
https://www.sdpnoticias.com/estados/libia-dennise-garcia-munoz-ledo-realizo-el-primer-programa-del-ano-conectando-con-la-gente/,,Libia Dennise García Muñoz Ledo realizó el primer programa del año : Conectando con la Gente,20250107T040000Z,https://www.sdpnoticias.com/resizer/v2/5UXE6WHBUFBQZJWUFIVRTDBI2Q.jpg?smart=true&auth=016961db667f97e9ead7c6af09eaef810858959e6b9a363d61a3c0c1906746d2,sdpnoticias.com,Spanish,Mexico
https://www.lavoz.com.ar/noticias/agencias/fuerte-terremoto-sacude-la-region-del-tibet-en-china-cerca-de-la-frontera-con-nepal/,,"Fuerte terremoto sacude la región del Tíbet en China , cerca de la frontera con Nepal",20250107T040000Z,https://www.lavoz.com.ar/resizer/v2/6QRRE7GX2VCB7KVYFDNZHOCKJQ.jpg?smart=true&auth=85bcfdb52ecaeaec72f94e217e2bf88dec3cd9ec275a25d616bfc97646d17d7f,lavoz.com.ar,Spanish,Argentina
https://www.ddaily.co.kr/page/view/2025010709114578433,http://m.ddaily.co.kr,"삼성 ,  갤럭시 S25 언팩 초대장  공개 … 23일 미국 새너제이서  모바일 AI 혁신  예고",20250107T040000Z,https://www.ddaily.co.kr/2025/01/07/2025010709104772584_l.jpg,ddaily.co.kr,Korean,South Korea
https://www.agara.co.jp/article/449365,,ボッシュ 、 ソフトウェアとAIの活用で 、 製品をよりスマートに 、 人々の生活をさらに安全に ： 紀伊民報AGARA｜和歌山県のニュースサイト,20250107T040000Z,https://digitalpr.jp/release/media/2168/101760/20250107093409677c7681ef955.jpg,agara.co.jp,Japanese,Japan
https://www.lavoz.com.ar/noticias/agencias/juez-mantiene-para-el-viernes-la-fecha-de-sentencia-a-trump-en-caso-de-pagos-indebidos/,,Juez mantiene para el viernes la fecha de sentencia a Trump en caso de pagos indebidos,20250107T040000Z,https://www.lavoz.com.ar/resizer/v2/B6G6NRSIRJHZDB2WF5R2GUH2BA.jpg?smart=true&auth=e13ec0b8ab379ac94e2f40b629d0f56b9a91dd73169355c5524bbaccaf6aab82,lavoz.com.ar,Spanish,Argentina
https://newsway.co.kr/news/view?ud=2025010711193232395,,"신동빈 , 9일 롯데 사장단회의 주재  쇄신안 논의  ",20250107T040000Z,https://nimage.newsway.co.kr/photo/2024/12/20/20241220000075_1200.png,newsway.co.kr,Korean,South Korea
https://www.news18.com/tech/samsung-brings-vision-ai-features-for-smart-tvs-at-ces-2025-all-details-9179562.html,https://www.news18.com/amp/tech/samsung-brings-vision-ai-features-for-smart-tvs-at-ces-2025-all-details-9179562.html,Samsung Brings  Vision AI  Features For Smart TVs At CES 2025 : All Details,20250107T040000Z,https://images.news18.com/ibnlive/uploads/2025/01/samsung-ai-tvs-ces-2025-2025-01-258da7d3e472e9c18a79dd58b6668f94-16x9.jpg,news18.com,English,India
https://www.ixbt.com/news/2025/01/07/poslednee-zajavlenie-microsoft-vzvintilo-akcii-proizvoditelej-mikroshem.html,https://www.ixbt.com/news/2025/01/07/poslednee-zajavlenie-microsoft-vzvintilo-akcii-proizvoditelej-mikroshem.amp.html,Последнее заявление Microsoft взвинтило акции производителей микросхем,20250107T040000Z,https://www.ixbt.com/img/n1/news/2025/0/2/httpscms-image-bucket-production_large.jpg,ixbt.com,Russian,China
https://www.ddaily.co.kr/page/view/2025010711210188349,http://m.ddaily.co.kr,"푸른 뱀의 해 , 2025 유통업계 5대 키워드는 ?… . N . A . K . E . ",20250107T040000Z,https://www.ddaily.co.kr/2025/01/07/2025010711081684263_l.jpg,ddaily.co.kr,Korean,South Korea
https://www.stiripesurse.ro/meta-l-a-ales-pe-directorul-general-al-ufc-este-un-apropiat-al-lui-donald-trump_3542523.html,https://www.stiripesurse.ro/amp.php?article_id=3542523,Meta l - a ales pe directorul general al UFC : este un apropiat al lui Donald Trump,20250107T040000Z,https://media.stiripesurse.ro/image/202410/w1200/media-172818077137863300.jpg,stiripesurse.ro,Romanian,Romania
https://www.ddaily.co.kr/page/view/2025010710173503579,http://m.ddaily.co.kr,"포자랩스 , CES 2025서 삼성 · 구글 · SM과 협업한  에스파 공간음향 콘텐츠  공개",20250107T040000Z,https://www.ddaily.co.kr/2025/01/07/2025010710145454728_l.jpg,ddaily.co.kr,Korean,South Korea
https://dailyinterlake.com/news/2025/jan/06/ces-2025-is-here-what-can-we-expect-from-the-annual-show-of-all-things-tech/,,CES 2025 is here . What can we expect from the annual show of all things tech ? ,20250107T040000Z,https://hagadone.media.clients.ellingtoncms.com/img/photos/2025/01/06/AP25006163520779_r1200x630.jpg?b7d505e466ff31ef2a911eceee85296b69915698,dailyinterlake.com,English,United States
http://spanish.xinhuanet.com/20250107/e4a7943d5d2b4dd4811df497c59b4d64/c.html,,Máximo legislador de China sostiene conversaciones con presidente de Congreso de Perú,20250107T040000Z,,spanish.xinhuanet.com,Spanish,China
https://www.wlrn.org/npr-breaking-news/2025-01-06/meta-taps-trump-ally-and-ufc-ceo-dana-white-to-join-its-board,,Meta taps Trump ally and UFC CEO Dana White to join its board,20250107T040000Z,http://npr-brightspot.s3.amazonaws.com/4c/1c/318f06564bbf8c3a29d7899f03bb/gettyimages-2183218502.jpg,wlrn.org,English,United States
https://eleconomista.com.ar/finanzas/argentina-entro-2025-pelota-todo-n80904,https://eleconomista.com.ar/finanzas/argentina-entro-2025-pelota-todo-n80904/amp,Argentina entró al 2025 con pelota y todo,20250107T040000Z,https://statics.eleconomista.com.ar/2023/03/63ff39557abbd.jpg,eleconomista.com.ar,Spanish,Argentina
https://www.idahopress.com/news/world/stock-market-today-asian-shares-mostly-rise-after-wall-street-rally-led-by-nvidia/article_37c181aa-181c-55f9-b256-0a0a0c4f2811.html,https://www.idahopress.com/news/world/stock-market-today-asian-shares-mostly-rise-after-wall-street-rally-led-by-nvidia/article_37c181aa-181c-55f9-b256-0a0a0c4f2811.amp.html,Stock market today : Asian shares mostly rise after Wall Street rally led by Nvidia,20250107T034500Z,https://bloximages.chicago2.vip.townnews.com/idahopress.com/content/tncms/assets/v3/editorial/1/15/115385f8-96ac-5023-9c01-ab4494a0b03a/677c95f25eeb9.image.jpg?crop=1763%2C926%2C0%2C124,idahopress.com,English,United States
https://www.klcc.org/npr-politics/2025-01-06/meta-taps-trump-ally-and-ufc-ceo-dana-white-to-join-its-board,,Meta taps Trump ally and UFC CEO Dana White to join its board,20250107T034500Z,http://npr-brightspot.s3.amazonaws.com/4c/1c/318f06564bbf8c3a29d7899f03bb/gettyimages-2183218502.jpg,klcc.org,English,United States
https://www.thehindu.com/sci-tech/technology/pm-modi-meets-microsoft-ceo-satya-nadella-discusses-tech-innovation-ai/article69070851.ece,https://www.thehindu.com/sci-tech/technology/pm-modi-meets-microsoft-ceo-satya-nadella-discusses-tech-innovation-ai/article69070851.ece/amp/,"PM Modi meets Microsoft CEO Satya Nadella ; discusses tech , innovation , AI",20250107T034500Z,https://th-i.thgim.com/public/incoming/xrbhlu/article69070854.ece/alternates/LANDSCAPE_1200/PTI01_06_2025_000338B.jpg,thehindu.com,English,India
https://knews.kg/2025/01/07/apple-zayavila-chto-obnovit-funktsiyu-iskusstvennogo-intellekta-posle-zhaloby-bbc/,,"Apple заявила , что обновит функцию искусственного интеллекта после жалобы BBC",20250107T034500Z,https://knews.kg/wp-content/uploads/2017/02/Apple.jpg,knews.kg,Russian,Kyrgyzstan
https://kvia.com/news/business-technology/cnn-business-consumer/2025/01/06/ufc-head-dana-white-joins-metas-board-mark-zuckerbergs-second-key-right-wing-appointment-in-a-week/,,"UFC head Dana White joins Meta board , Mark Zuckerberg second key right - wing appointment in a week",20250107T034500Z,https://kvia.b-cdn.net/2023/04/thumbnail_KVIA-Masthead.png,kvia.com,English,United States
https://www.globaltimes.cn/page/202501/1326409.shtml,,"Chinese tech giants refute US  Section 1260H  list inclusion , Tencent saying  clearly a mistake  ",20250107T034500Z,https://www.globaltimes.cn/Portals/0/attachment/2025/2025-01-07/412b6575-d113-404a-9cde-d4ec865c1fa3.jpeg,globaltimes.cn,English,China
https://www.kxxv.com/news/local-news/in-your-neighborhood/bell-county/killeen/meta-sponsored-ai-workshop-coming-to-killeen-for-black-history-month,,Unlocking AI : Killeen upcoming workshop to Foster knowledge and growth,20250107T034500Z,https://x-default-stgec.uplynk.com/ausw/slices/dd2/f9d6acf132d844f6947c7bc916fe8033/dd26978c1a184bada6fe82ce681dd30e/poster_23b844a17cd946a080d71eaf5f4e33e0.jpg,kxxv.com,English,United States
https://www.diariolibre.com/deportes/beisbol/2025/01/06/reales-acuerdan-contrato-de-1-ano-y-us7mm-con-michael-lorenzen/2959597,https://www.diariolibre.com/amp/deportes/beisbol/2025/01/06/reales-acuerdan-contrato-de-1-ano-y-us7mm-con-michael-lorenzen/2959597,Reales acuerdan contrato de 1 año y US$7mm con Michael Lorenzen,20250107T031500Z,https://resources.diariolibre.com/images/2025/01/06/reales-acuerdan-contrato-de-1-ano-y-us7mm-con-michael-lorenzen-focus-0.21-0.41-608-342_wam.jpg,diariolibre.com,Spanish,United States
https://www.wkms.org/npr-news/2025-01-06/meta-taps-trump-ally-and-ufc-ceo-dana-white-to-join-its-board,,Meta taps Trump ally and UFC CEO Dana White to join its board,20250107T031500Z,http://npr-brightspot.s3.amazonaws.com/4c/1c/318f06564bbf8c3a29d7899f03bb/gettyimages-2183218502.jpg,wkms.org,English,United States
https://www.kgou.org/science-technology-and-environment/2025-01-06/meta-taps-trump-ally-and-ufc-ceo-dana-white-to-join-its-board,,Meta taps Trump ally and UFC CEO Dana White to join its board,20250107T031500Z,http://npr-brightspot.s3.amazonaws.com/4c/1c/318f06564bbf8c3a29d7899f03bb/gettyimages-2183218502.jpg,kgou.org,English,United States
https://larepublica.pe/economia/2025/01/06/este-pais-lidera-la-economia-mundial-desde-hace-mas-de-100-anos-y-alcanzara-us303-billones-en-2025-no-es-china-atmp-335010,https://larepublica.pe/amp/economia/2025/01/06/este-pais-lidera-la-economia-mundial-desde-hace-mas-de-100-anos-y-alcanzara-us303-billones-en-2025-no-es-china-atmp-335010,Este país lidera la economía mundial desde hace más de 100 años y alcanzará US$30 . 3 billones en 2025 : no es China,20250107T031500Z,https://imgmedia.larepublica.pe/1200x630/larepublica/original/2023/06/16/648c89deac675411a33f065b.png,larepublica.pe,Spanish,Peru
https://www.surenio.com.ar/el-municipio-recibio-equipamiento-y-definio-con-totalenergies-la-agenda-2025/,,El municipio recibió equipamiento y definió con TotalEnergies la agenda 2025,20250107T031500Z,https://www.surenio.com.ar/wp-content/uploads/2025/01/total.jpg,surenio.com.ar,Spanish,Argentina
http://jornal24horas.com.br/?p=6345,,LG revela IA que te observa e até aumenta ar - condicionado se perceber você tossindo – JORNAL 24 HORAS,20250107T031500Z,,jornal24horas.com.br,Portuguese,Brazil
https://www.diariolibre.com/deportes/mas-deportes/2025/01/06/mayo-y-pederson-se-quedan-fuera-giants-retienen-a-daboll-en-nfl/2959524,https://www.diariolibre.com/amp/deportes/mas-deportes/2025/01/06/mayo-y-pederson-se-quedan-fuera-giants-retienen-a-daboll-en-nfl/2959524,Mayo y Pederson se quedan fuera ; Giants retienen a Daboll en Nfl,20250107T031500Z,https://resources.diariolibre.com/images/2025/01/06/mayo-y-pederson-se-quedan-fuera;-giants-retienen-a-daboll-en-nfl-focus-min0.3-0.37-608-342_wam.jpg,diariolibre.com,Spanish,United States
http://en.people.cn/n3/2025/0107/c90000-20262583.html,,Foreign institutions express confidence in A - share market,20250107T031500Z,,en.people.cn,English,China
https://www.nikkei.com/article/DGXZQOFL070GR0X00C25A1000000/,,東証前引け 日経平均は急反発 米ハイテク株高で東エレクが急伸,20250107T031500Z,https://www.nikkei.com/.resources/k-components/rectangle.rev-d54ea30.png,nikkei.com,Japanese,Japan
https://tnp.straitstimes.com/news/singapore/mediacorp-disqualifies-3-stolen-designs-competition,,Mediacorp disqualifies 3 stolen designs from competition,20250107T031500Z,https://tnp.straitstimes.com/sites/default/files/styles/rl680/public/IMG0366.jpeg?itok=-PCN45-G,tnp.straitstimes.com,English,Singapore
https://www.newspim.com/news/view/20250107000407,https://m.newspim.com/newsamp/view/20250107000407,정근식  올해 학습진단성장센터 설치 … 기초학력 지원한다  ,20250107T031500Z,http://img.newspim.com/news/2025/01/07/250107112432385_w.jpg,newspim.com,Korean,South Korea
https://ua.korrespondent.net/world/4745709-makron-zvynuvatyv-maska-u-vtruchanni-v-yevropeisku-polityku,https://ua.korrespondent.net/amp/4745709-makron-zvynuvatyv-maska-u-vtruchanni-v-yevropeisku-polityku,Макрон звинуватив Маска у втручанні в європейську політику,20250107T031500Z,https://kor.ill.in.ua/m/1260x900/4282728.png,ua.korrespondent.net,Ukrainian,Ukraine
https://www.diariolibre.com/deportes/mas-deportes/2025/01/06/la-decision-de-aaron-rodgers-sera-clave-en-su-busqueda-de-direccion/2959579,https://www.diariolibre.com/amp/deportes/mas-deportes/2025/01/06/la-decision-de-aaron-rodgers-sera-clave-en-su-busqueda-de-direccion/2959579,La decisión de Aaron Rodgers será clave en su búsqueda de dirección,20250107T031500Z,https://resources.diariolibre.com/images/2025/01/06/la-decision-de-aaron-rodgers-sera-clave-en-su-busqueda-de-direccion-focus-0.03-0.54-608-342_wam.jpg,diariolibre.com,Spanish,United States
https://www.straitstimes.com/life/arts/mediacorp-disqualifies-3-designs-from-competition-illustrator-lee-xin-lis-work-plagiarised-again,,"Mediacorp disqualifies 3 designs from competition , illustrator Lee Xin Li work plagiarised again",20250107T031500Z,https://cassette.sphdigital.com.sg/image/straitstimes/fee3a6107895923e80a77f622d911bd6f495d0d7ffad955d5bd411ac3b3c8a44,straitstimes.com,English,Singapore
https://www.milenio.com/politica/comunidad/guanajuato-en-su-plan-de-gobierno-2024-2030-ayuda-de-ia,https://amp.milenio.com/politica/comunidad/guanajuato-en-su-plan-de-gobierno-2024-2030-ayuda-de-ia,Guanajuato tendrá en su Plan de Gobierno 2024 - 2030 ayuda de IA,20250107T031500Z,https://cdn.milenio.com/uploads/media/2025/01/06/plan-gobierno-estatal-contara-inteligencia.jpg,milenio.com,Spanish,Mexico
https://inews24.com/view/1801304,https://m.inews24.com/v/1801304,"삼성전자 , 집 넘어 선박 · 車까지 … 홈 AI 확장",20250107T031500Z,https://img.lb.inews24.com/v1/facebookexternalhit/face/626x352/4c85cf89afb981.jpg,inews24.com,Korean,
https://www.diariolibre.com/deportes/beisbol/2025/01/06/sheel-seidler-demanda-a-cunados-por-control-del-equipo-de-san-diego/2959500,https://www.diariolibre.com/amp/deportes/beisbol/2025/01/06/sheel-seidler-demanda-a-cunados-por-control-del-equipo-de-san-diego/2959500,Sheel Seidler demanda a cuñados por control del equipo de San Diego,20250107T031500Z,https://resources.diariolibre.com/images/2025/01/06/sheel-seidler-demanda-a-cunados-por-control-del-equipo-de-san-diego-focus-0-0-608-342_wam.jpg,diariolibre.com,Spanish,United States
https://finance.yahoo.com/news/2-unstoppable-artificial-intelligence-ai-095100731.html,,2 Unstoppable Artificial Intelligence ( AI ) Stocks to Buy Hand Over Fist in 2025 and 1 to Avoid,20250107T031500Z,https://s.yimg.com/ny/api/res/1.2/XVLEfmCs42.zgDtlvPaXnw--/YXBwaWQ9aGlnaGxhbmRlcjt3PTEyMDA7aD04MDA-/https://media.zenfs.com/en/motleyfool.com/8cb25ad97d96f815c9d3f2bc3425f5ff,finance.yahoo.com,English,United States
http://www.shikoku-np.co.jp/national/economy/article.aspx?id=20250107000146,,次世代都市 、 秋に本格始動 ／ トヨタ 、 静岡県裾野市で建設 | 全国ニュース,20250107T031500Z,http://www.shikoku-np.co.jp/img_news.aspx?id=20250107000146&no=1,shikoku-np.co.jp,Japanese,Japan
https://forums.appleinsider.com/discussion/238807,,UnifyDrive UP6 is an AI - enhanced network attached storage device with a built - in display - General Discussion Discussions on AppleInsider Forums,20250107T031500Z,https://photos5.appleinsider.com/gallery/62207-128918-UnityDrive-UP6-drive-horizontal-xl.jpg,forums.appleinsider.com,English,United States
https://www.local10.com/business/2025/01/07/stock-market-today-asian-shares-mostly-rise-after-wall-street-rally-led-by-nvidia/,,Stock market today : Asian shares mostly rise after Wall Street rally led by Nvidia,20250107T031500Z,"https://res.cloudinary.com/graham-media-group/image/upload/f_auto/q_auto/c_thumb,w_700/v1/media/gmg/U7NZ3AQ5KJFLBELGWTDAFO7TLU.jpg?_a=DATAdtfiZAA0",local10.com,English,United States
http://arabic.people.com.cn/n3/2025/0107/c31660-20262729.html,,كبير المشرعين الصينيين يعقد محادثات مع رئيس الكونغرس البيروفي,20250107T031500Z,,arabic.people.com.cn,Arabic,China
https://www.wknofm.org/politics-npr-news/2025-01-06/meta-taps-trump-ally-and-ufc-ceo-dana-white-to-join-its-board,https://www.wknofm.org/politics-npr-news/2025-01-06/meta-taps-trump-ally-and-ufc-ceo-dana-white-to-join-its-board?_amp=true,Meta taps Trump ally and UFC CEO Dana White to join its board,20250107T031500Z,http://npr-brightspot.s3.amazonaws.com/4c/1c/318f06564bbf8c3a29d7899f03bb/gettyimages-2183218502.jpg,wknofm.org,English,United States
https://www.2news.com/news/national/stock-market-today-asian-shares-mostly-rise-after-wall-street-rally-led-by-nvidia/article_30cdb46c-21e9-5683-9a2c-ef441b26dca4.html,,Stock market today : Asian shares mostly rise after Wall Street rally led by Nvidia,20250107T031500Z,https://bloximages.newyork1.vip.townnews.com/2news.com/content/tncms/assets/v3/editorial/4/a0/4a069c89-e43d-51a3-9607-a7ce628d0544/677c93e3c57ff.image.jpg?crop=1763%2C926%2C0%2C124,2news.com,English,
http://en.people.cn/n3/2025/0107/c90000-20262587.html,,China top legislator holds talks with Congress of Peru president,20250107T031500Z,,en.people.cn,English,China
https://inews24.com/view/1801276,https://m.inews24.com/v/1801276,"신동빈 롯데 회장 , 9일 사장단 회의 연다⋯  혁신 · 쇄신 논의  ",20250107T031500Z,https://img.lb.inews24.com/v1/facebookexternalhit/face/626x352/10cd87df533c50.jpg,inews24.com,Korean,
https://www.diariolibre.com/deportes/beisbol/2025/01/06/asociacion-de-jugadores-de-mlb-retira-demanda-contra-los-piratas/2959547,https://www.diariolibre.com/amp/deportes/beisbol/2025/01/06/asociacion-de-jugadores-de-mlb-retira-demanda-contra-los-piratas/2959547,Asociación de Jugadores de MLB retira demanda contra los Piratas,20250107T031500Z,https://resources.diariolibre.com/images/2025/01/06/asociacion-de-jugadores-de-mlb-retira-demanda-contra-los-piratas-focus-0.11-0.5-608-342_wam.jpg,diariolibre.com,Spanish,United States
